Докажите, что диагонали параллелограмма VQPT точкой пересечения образуют угол 90°.	parallelogram VQPT
В квадрате AKQO, если AB = CD и AD = BC, как называется квадрат?	square AKQO
В квадрате NAQV, если AB = CD и AD = BC, как называется квадрат?	square NAQV
Найдите периметр трапеции LCQG, основания которой равны 25 см и 28 см, а высота 20 см.	trapezoid LCQG
Найдите периметр квадрата ITSP со стороной 20 см.	square ITSP
В квадрате MIZU, если AB = CD и AD = BC, как называется квадрат?	square MIZU
Найдите площадь параллелограмма CAZY с вершинами в точках (0, 0), (5, 0), (5, 8) и (0, 8).	parallelogram CAZY
Вычислите длину медиан треугольника IOU со сторонами длиной 5, 6 и 7 единиц	triangle IOU
Найдите периметр квадрата JTVI со стороной 25 см.	square JTVI
Найдите периметр квадрата JBMA со стороной 12 см.	square JBMA
В четырехугольнике IVEP, если ∠A = 90°, найдите меру ∠B.	quadrilateral IVEP
Как называется параллелограмм REPQ, если ∠A = 90° в параллелограмме REPQ?	parallelogram REPQ
Докажите, что диагонали параллелограмма NHKZ являются взаимно перпендикулярными и серединными.	parallelogram NHKZ
Найдите площадь параллелограмма MJBE, основание которого равно 8 см, а высота — 6 см.	parallelogram MJBE
Какова площадь четырехугольника LDRH, основание которого равно 16 см, а высота — 14 см?	quadrilateral LDRH
Найдите длину высоты из вершины B в треугольнике FEB со сторонами длиной 10, 11 и 12 единиц. Используйте эту информацию, чтобы найти длину гипотенузы.	triangle FEB
В квадрате PEZF, если ∠A = 90°, найдите величину ∠B.	square PEZF
Найдите величину ∠B в трапеции ZSKJ, если ∠A = 90°.	trapezoid ZSKJ
Докажите, что диагонали квадрата NEFJ пересекаются и делятся пополам под углом 90°.	square NEFJ
Найдите длину медианы трапеции KYUP, основания которой равны 14 см и 16 см, а высота — 10 см.	trapezoid KYUP
В четырехугольнике GCHN, если ∠A = 80° и ∠B = 100°, найдите сумму оставшихся двух углов.	quadrilateral GCHN
Найдите длину высоты из вершины А в треугольнике ZEJ со сторонами длиной 11, 12 и 13 единиц. Используйте эту информацию, чтобы найти площадь треугольника.	triangle ZEJ
Найдите длину медианы трапеции FWBJ, основания которой равны 20 см и 22 см, а высота — 14 см.	trapezoid FWBJ
Найдите периметр параллелограмма YPUH, стороны которого равны 12 см и 15 см.	parallelogram YPUH
Вычислите длину гипотенузы треугольника RHN со сторонами длиной 8 и 15 единиц	triangle RHN
Как называется параллелограмм LJSH, если AB = CD и AD = BC?	parallelogram LJSH
Вычислите длину высоты из вершины A в треугольнике BGJ со сторонами длиной 11, 12 и 13 единиц и используйте ее, чтобы найти площадь треугольника	triangle BGJ
Найдите периметр трапеции XWHO, основания которой равны 20 см и 25 см, а высота — 16 см.	trapezoid XWHO
Найдите длину диагонали параллелограмма SWDQ, стороны которого равны 15 см и 18 см.	parallelogram SWDQ
Определите, является ли треугольник LNF равнобедренным, если оба угла при основании равны 20°.	triangle LNF
Докажите, что диагонали трапеции YLCK не обязательно являются взаимно перпендикулярными биссектрисами.	trapezoid YLCK
Найдите длину стороны равностороннего треугольника IJS, периметр которого равен 54 см.	triangle IJS
Найдите периметр четырехугольника DTUZ со сторонами 12 см, 15 см, 18 см и 20 см.	quadrilateral DTUZ
Найдите площадь трапеции DRJF с вершинами в точках (0, 0), (8, 0), (10, 12) и (0, 12).	trapezoid DRJF
Найдите длину высоты из вершины А в треугольнике UVL со сторонами длиной 11, 12 и 13 единиц	triangle UVL
В квадрате HJTQ, если ∠A = 90°, найдите величины оставшихся трех углов.	square HJTQ
Докажите, что диагонали квадрата EKGB пересекаются и делятся пополам под углом 90°.	square EKGB
Как называется квадрат DWAO, у которого все стороны одинаковой длины и все углы прямые?	square DWAO
Найдите площадь четырехугольника FMUP с вершинами (0, 0), (4, 0), (4, 3) и (0, 3).	quadrilateral FMUP
Найдите площадь трапеции KGRC с вершинами в точках (0, 0), (12, 0), (15, 18) и (0, 18).	trapezoid KGRC
Найдите величину ∠A в параллелограмме DVYT, если AB = 15 см, BC = 18 см, CD = 15 см и DA = 18 см.	parallelogram DVYT
В треугольнике TSO угол D равен 70°, а угол F равен 4x. Найдите значение х.	triangle TSO
Докажите, что противоположные стороны трапеции UNPB не обязательно параллельны.	trapezoid UNPB
Рассчитайте длину высоты от вершины C в треугольнике OKE с сторонами длины 3, 4 и 5 единиц и используйте его, чтобы найти расстояние между средними точками боковых сторон LM и Mn	triangle OKE
Найдите периметр параллелограмма RMGJ, стороны которого равны 7 см и 9 см.	parallelogram RMGJ
Найдите длину медианы из вершины B в треугольнике TMJ со сторонами длиной 3, 4 и 5 единиц и докажите, что она делит пополам медиану, проведенную из вершины A, тогда и только тогда, когда треугольник является равносторонним	triangle TMJ
Найдите величину ∠C в параллелограмме OAHT, если ∠A = 45°.	parallelogram OAHT
Найдите площадь квадрата GZBA со стороной 15 см.	square GZBA
Вычислите длину высоты из вершины C в треугольнике DAR со сторонами длиной 3, 4 и 5 единиц и используйте ее, чтобы найти длину биссектрисы угла C	triangle DAR
Как называется трапеция HWPN с двумя парами равных сторон?	trapezoid HWPN
Как называется четырехугольник AKON, у которого все углы прямые и все стороны разной длины?	quadrilateral AKON
В квадрате UYEF, если AB = CD и AD = BC, как называется квадрат?	square UYEF
Как называется квадрат DZBR, у которого все стороны одинаковой длины и все углы прямые?	square DZBR
Определите длину высоты из вершины A в треугольнике MNG со сторонами длиной 7, 8 и 9 единиц и найдите его уравнение, используя точку S(2, 3), лежащую на ней.	triangle MNG
Найдите длину диагонали параллелограмма HLKV, стороны которого равны 10 см и 12 см.	parallelogram HLKV
Найдите величину ∠A в трапеции OQFE, если диагонали AC и BD пересекаются под углом 60°.	trapezoid OQFE
Найдите длину медианы трапеции WUMH, основания которой равны 16 см и 18 см, а высота — 12 см.	trapezoid WUMH
Найдите величину ∠C в параллелограмме DPHL, если ∠A = 45°.	parallelogram DPHL
Найдите площадь четырехугольника ZSHE, основание которого равно 10 см, а высота — 8 см.	quadrilateral ZSHE
Какова площадь параллелограмма EMFC, основание которого равно 16 см, а высота — 18 см?	parallelogram EMFC
Найдите площадь четырехугольника GEXV, основание которого равно 12 см, высота — 9 см, а один из углов равен 45°.	quadrilateral GEXV
Вычислите длину медианы от вершины L в треугольнике YVU со сторонами длиной 4, 5 и 7 единиц	triangle YVU
В трапеции LQWM, если ∠A = 80° и ∠B = 70°, найдите сумму оставшихся двух углов.	trapezoid LQWM
Найдите длину диагонали четырехугольника WDNJ, стороны которого равны 10 см, 12 см и 14 см.	quadrilateral WDNJ
Докажите, что сумма внутренних углов трапеции COPZ равна 360°.	trapezoid COPZ
В треугольнике AKS длины сторон равны x+2, 2x-1 и 3x+4. Найдите значение х.	triangle AKS
Найдите величину ∠C в параллелограмме YNGS, если ∠A = 45°.	parallelogram YNGS
Докажите, что противолежащие углы параллелограмма HEKV являются дополнительными.	parallelogram HEKV
Докажите, что диагонали квадрата KCWS пересекаются и делятся пополам под углом 90°.	square KCWS
Если стороны треугольника XRN относятся как 4:5:6, найдите длину самой длинной стороны, если периметр равен 63 см.	triangle XRN
Найдите периметр квадрата NGSO со стороной 20 см.	square NGSO
Найдите периметр четырехугольника VLPR со сторонами 5 см, 6 см, 7 см и 9 см.	quadrilateral VLPR
Докажите, что диагонали квадрата XMDY пересекаются и делятся пополам под углом 90°.	square XMDY
Определите медиану прямоугольного равнобедренного треугольника SZG с длиной катета 10 и 10 единиц	triangle SZG
В параллелограмме AHKN, если ∠A = 75°, найдите величину ∠B.	parallelogram AHKN
Найдите площадь трапеции YJTH, основания которой равны 18 см и 22 см, а высота 14 см.	trapezoid YJTH
Каков периметр трапеции ZIQT, основания которой имеют длины 20 см и 25 см, а высота 18 см?	trapezoid ZIQT
Как называется четырехугольник KOXA, если ∠A = ∠C и ∠B = ∠D?	quadrilateral KOXA
Если стороны треугольника AHF относятся как 4:5:6, найдите длину самой длинной стороны, если периметр равен 45 см.	triangle AHF
Как называется параллелограмм KUDB, у которого все стороны имеют одинаковую длину и все внутренние углы имеют одинаковую величину?	parallelogram KUDB
Определите площадь треугольника DFE, образованного прямыми x + y = 3, y = mx + c и x = 0	triangle DFE
В квадрате XRHO, если AB = BC = CD = DA, найдите меру ∠A.	square XRHO
В четырехугольнике WBGR, если ∠A = 80° и ∠B = 100°, найдите сумму оставшихся двух углов.	quadrilateral WBGR
Найдите длину диагонали параллелограмма DUJQ, стороны которого равны 6 см и 8 см.	parallelogram DUJQ
В четырехугольнике APUG, если ∠A = 80° и ∠B = 70°, найдите сумму оставшихся двух углов.	quadrilateral APUG
В трапеции OZKC, если AB = CD и AD = BC, как называется трапеция?	trapezoid OZKC
Найдите величину ∠B в параллелограмме SDIE, если ∠A = 60°.	parallelogram SDIE
Как называется параллелограмм DNSQ, у которого все стороны имеют одинаковую длину и все внутренние углы имеют одинаковую величину?	parallelogram DNSQ
Найдите длину диагонали трапеции GENJ, основания которой равны 16 см и 18 см, а высота 10 см.	trapezoid GENJ
Как называется квадрат TCJK, у которого все стороны одинаковой длины и все углы прямые?	square TCJK
Найдите длину диагонали четырехугольника PRKO, стороны которого равны 10 см, 12 см и 14 см.	quadrilateral PRKO
Определите площадь треугольника BPC со сторонами длиной 5, 6 и 7 единиц по формуле Герона.	triangle BPC
В квадрате VWQX, если AB = CD и AD = BC, как называется квадрат?	square VWQX
Найдите величину ∠A в трапеции YIXV, если AB = 18 см, BC = 20 см, CD = 18 см и DA = 20 см.	trapezoid YIXV
Как называется параллелограмм JXSD, если ∠A = 90° в параллелограмме JXSD?	parallelogram JXSD
Определите, является ли треугольник LAI равнобедренным, если два его угла равны.	triangle LAI
Найдите величину ∠A в трапеции LBHO, если диагонали AC и BD пересекаются под углом 60°.	trapezoid LBHO
Определите, является ли треугольник FIE равносторонним, если все три угла равны.	triangle FIE
Найдите длину диагонали квадрата QNIG со стороной 75 см.	square QNIG
Как называется трапеция AQGT с двумя парами равных сторон?	trapezoid AQGT
Докажите, что диагонали квадрата PBGS пересекаются и делятся пополам под углом 90°.	square PBGS
Найдите площадь четырехугольника HGTK, основание которого равно 10 см, высота 6 см и один угол равен 60°.	quadrilateral HGTK
Найдите периметр квадрата QCZH со стороной 15 см.	square QCZH
Вычислите углы треугольника WKG, если два угла дополнительные, а третий угол равен 50°.	triangle WKG
Какова площадь параллелограмма IHAC, основание которого равно 12 см, а высота — 9 см?	parallelogram IHAC
Как называется параллелограмм DOFX, если AB = CD и AD = BC?	parallelogram DOFX
Найдите площадь трапеции ZSAK с вершинами в точках (0, 0), (12, 0), (15, 18) и (0, 18).	trapezoid ZSAK
В квадрате JZQI, если AB = BC = CD = DA, найдите меру ∠C.	square JZQI
Вычислите длину высоты из вершины A в треугольнике GJU со сторонами длиной 3, 4 и 5 единиц и найдите ее уравнение, используя точку S(2, 3), лежащую на ней	triangle GJU
Определите, возможен ли треугольник QXC со сторонами длиной 4 см, 8 см и 7 см.	triangle QXC
Вычислите углы треугольника ZEA, если два угла являются дополнительными, а третий угол равен 30°.	triangle ZEA
Найдите длину диагонали квадрата QDGU со стороной 40 см.	square QDGU
Какова сумма внутренних углов параллелограмма JOXR?	parallelogram JOXR
Найдите периметр трапеции VIPO, основания которой равны 25 см и 28 см, а высота 20 см.	trapezoid VIPO
Найдите длину диагонали четырехугольника FKHY, стороны которого равны 16 см, 18 см и 20 см.	quadrilateral FKHY
Найдите площадь четырехугольника EOQU с вершинами в точках (0, 0), (8, 0), (8, 12) и (0, 12).	quadrilateral EOQU
Найдите длину диагонали четырехугольника WADB, стороны которого имеют длину 4 см, 6 см и 8 см.	quadrilateral WADB
Как называется трапеция HAJC, у которой все стороны имеют одинаковую длину?	trapezoid HAJC
Как называется параллелограмм XMVP, у которого все углы прямые?	parallelogram XMVP
Докажите, что диагонали квадрата RWQF пересекаются и делятся пополам под углом 90°.	square RWQF
Как называется четырехугольник URTW, если AB = CD и AD = BC?	quadrilateral URTW
Докажите, что диагонали параллелограмма UYRZ являются взаимно перпендикулярными и серединными.	parallelogram UYRZ
Найдите длину медианы трапеции EOBQ, основания которой равны 18 см и 20 см, а высота — 12 см.	trapezoid EOBQ
Как называется параллелограмм PLEM, у которого все стороны имеют одинаковую длину и все внутренние углы имеют одинаковую величину?	parallelogram PLEM
Найдите площадь четырехугольника EFPS, основание которого равно 22 см, а высота — 20 см.	quadrilateral EFPS
Как называется четырехугольник UMFZ, если AB = CD и AD = BC?	quadrilateral UMFZ
В квадрате VQCX, если ∠A = 90°, найдите величину ∠B.	square VQCX
Найдите периметр трапеции KVGH, основания которой равны 28 см и 30 см, а высота — 22 см.	trapezoid KVGH
Какова площадь четырехугольника CQSL, основание которого равно 16 см, а высота — 14 см?	quadrilateral CQSL
Вычислите длину медианы из вершины R в треугольнике IMJ со сторонами длиной 5, 12 и 13 единиц.	triangle IMJ
Докажите, что противолежащие углы параллелограмма XZIA равны.	parallelogram XZIA
Найдите величину ∠A в квадрате TXFC, если диагонали AC и BD пересекаются под углом 90°.	square TXFC
Найдите величину ∠A в четырехугольнике KAEN, если AB = 18 см, BC = 20 см, CD = 18 см и DA = 20 см.	quadrilateral KAEN
Найдите периметр четырехугольника VOYQ со сторонами 3 см, 5 см, 7 см и 9 см.	quadrilateral VOYQ
В треугольнике YGX, если углы относятся как 3:4:5, найдите величину наибольшего угла.	triangle YGX
Найдите длину диагонали параллелограмма DHFL, стороны которого равны 8 см и 10 см.	parallelogram DHFL
Докажите, что противоположные стороны четырехугольника WLFR не обязательно равны.	quadrilateral WLFR
Какова площадь трапеции PVED, основания которой равны 20 см и 22 см, а высота 16 см?	trapezoid PVED
Докажите, что диагонали квадрата VPRO являются взаимно перпендикулярными биссектрисами.	square VPRO
Найдите периметр параллелограмма XCWA со сторонами длиной 17 см и 22 см.	parallelogram XCWA
Найдите периметр четырехугольника RWUD со сторонами длиной 16 см, 18 см, 20 см и 22 см.	quadrilateral RWUD
Найдите площадь параллелограмма OGFJ с вершинами в точках (0, 0), (7, 0), (7, 12) и (0, 12).	parallelogram OGFJ
Вычислите длину высоты из вершины A в треугольнике TCF со сторонами длиной 3, 4 и 5 единиц и используйте ее, чтобы найти длину биссектрисы угла B	triangle TCF
Если стороны треугольника FLX относятся как 1:2:3, найдите длину самой длинной стороны, если периметр равен 45 см.	triangle FLX
Найдите величину ∠A в трапеции LHWV, если AB = 20 см, BC = 22 см, CD = 20 см и DA = 22 см.	trapezoid LHWV
Найдите величину ∠A в квадрате MWQB, если диагонали AC и BD пересекаются под углом 90°.	square MWQB
Найдите величину ∠B в трапеции MJZD, если ∠A = 90°.	trapezoid MJZD
Докажите, что противоположные стороны трапеции OECL не обязательно параллельны.	trapezoid OECL
Найдите величину ∠C в трапеции MXBF, если ∠A = 55°.	trapezoid MXBF
Найдите величину ∠B в трапеции PFQN, если ∠A = 75°.	trapezoid PFQN
Найдите величину ∠A в квадрате XPLA, если диагонали AC и BD пересекаются под углом 90°.	square XPLA
Как называется квадрат SXHV, у которого все стороны одинаковой длины и все углы прямые?	square SXHV
В четырехугольнике UYXS, если ∠A = 120° и ∠B = 60°, найдите величину ∠C.	quadrilateral UYXS
Найдите площадь параллелограмма SPNL с вершинами в точках (0, 0), (5, 0), (5, 8) и (0, 8).	parallelogram SPNL
Как называется параллелограмм SVFK, у которого все стороны равны и все углы прямые?	parallelogram SVFK
Как называется четырехугольник UZAB, если диагонали AC и BD делят друг друга пополам?	quadrilateral UZAB
Докажите, что противоположные стороны трапеции KQWV не обязательно параллельны.	trapezoid KQWV
Докажите, что диагонали трапеции LSMN не обязательно являются взаимно перпендикулярными биссектрисами.	trapezoid LSMN
Как называется параллелограмм GOHT, если AB = CD и AD = BC?	parallelogram GOHT
Как называется квадрат FIYM, у которого все углы прямые?	square FIYM
Как называется параллелограмм WJCV, у которого все стороны имеют одинаковую длину и все внутренние углы имеют одинаковую величину?	parallelogram WJCV
В квадрате XDFA, если AB = BC = CD = DA, найдите меру ∠A.	square XDFA
Определите площадь треугольника PAZ со сторонами длиной 3, 4 и 5 единиц с помощью правила косинуса	triangle PAZ
Определите, является ли треугольник YWN равносторонним, если его стороны имеют длину 3, 3 и 3√3 единицы	triangle YWN
Какова площадь параллелограмма KGOU, основание которого равно 12 см, а высота — 9 см?	parallelogram KGOU
Найдите величину ∠C в трапеции CQPR, если ∠A = 100°.	trapezoid CQPR
Найдите периметр четырехугольника YKUO со сторонами длиной 14 см, 16 см, 18 см и 20 см.	quadrilateral YKUO
В треугольнике IPS, если углы относятся как 4:5:6, найдите величину наименьшего угла.	triangle IPS
В квадрате RUWD, если ∠A = 90°, найдите величину ∠B.	square RUWD
Докажите, что диагонали параллелограмма VQWN точкой пересечения делятся пополам под прямым углом.	parallelogram VQWN
Докажите, что сумма внутренних углов четырехугольника EIYK всегда равна 360°.	quadrilateral EIYK
Найдите периметр параллелограмма TNQP, стороны которого равны 15 см и 19 см.	parallelogram TNQP
Докажите, что сумма внутренних углов квадрата ADKU равна 360°.	square ADKU
Найдите периметр параллелограмма CSUR со сторонами длиной 17 см и 22 см.	parallelogram CSUR
Найдите длину диагонали параллелограмма JZUP, стороны которого равны 8 см и 10 см.	parallelogram JZUP
Найдите периметр четырехугольника JRHQ со сторонами длиной 18 см, 20 см, 22 см и 24 см.	quadrilateral JRHQ
Найдите длину диагонали четырехугольника EQUZ, стороны которого равны 12 см, 14 см и 16 см.	quadrilateral EQUZ
В квадрате QBWE, если ∠A = 90°, найдите величину ∠B.	square QBWE
Найдите величину ∠C в трапеции LDTX, если ∠A = 100°.	trapezoid LDTX
Какова площадь параллелограмма BXZI, основание которого равно 14 см, а высота — 12 см?	parallelogram BXZI
Найдите площадь квадрата ODFM со стороной 80 см.	square ODFM
Найдите длину диагонали параллелограмма YJDG, стороны которого равны 19 см и 23 см.	parallelogram YJDG
В четырехугольнике QPYG, если AB = CD и AD = BC, найти меру ∠A.	quadrilateral QPYG
В треугольнике ZFV, если высота от вершины P до стороны QR равна 8 см, а площадь 32 см², найдите длину QR.	triangle ZFV
Докажите, что сумма внутренних углов квадрата YQWT равна 360°.	square YQWT
В четырехугольнике DQCB, если ∠A = 90° и ∠B = 45°, найдите величину ∠C.	quadrilateral DQCB
В квадрате DKHR, если AB = CD и AD = BC, как называется квадрат?	square DKHR
Найдите длину диагонали параллелограмма WSRL, стороны которого равны 12 см и 15 см.	parallelogram WSRL
Найдите площадь треугольника MQD, если стороны равны 8 см, 10 см и 12 см.	triangle MQD
Найдите площадь трапеции QSIU с вершинами в точках (0, 0), (15, 0), (18, 20) и (0, 20).	trapezoid QSIU
Как называется квадрат FZXM, у которого все стороны одинаковой длины и все углы прямые?	square FZXM
Найдите периметр квадрата LMSK со стороной 45 см.	square LMSK
Определите угол между двумя сторонами треугольника EKM длиной 5 и 12 единиц и внутренним углом 60 градусов	triangle EKM
Найдите площадь параллелограмма MOSN, основание которого равно 12 см, а высота — 14 см.	parallelogram MOSN
Докажите, что противоположные стороны параллелограмма COWS равны.	parallelogram COWS
В четырехугольнике HJZK, если AB = 10 см, BC = 12 см, CD = 15 см и DA = 16 см, ∠A = 70°, найдите меру ∠B.	quadrilateral HJZK
В квадрате DQWX, если ∠A = 90°, найдите величину ∠B.	square DQWX
Как называется четырехугольник GQME, если AB = CD и AD = BC?	quadrilateral GQME
Найдите периметр параллелограмма QXPD, стороны которого равны 9 см и 11 см.	parallelogram QXPD
Докажите, что диагонали трапеции IJAC пересекаются под углом 90°.	trapezoid IJAC
Найдите площадь квадрата EZNT со стороной 12 см.	square EZNT
Докажите, что диагонали четырехугольника WREK не обязательно являются взаимно перпендикулярными биссектрисами.	quadrilateral WREK
Вычислите углы треугольника ZML, если два угла равны и каждый равен 45°.	triangle ZML
Как называется четырехугольник RFPA, у которого все углы прямые?	quadrilateral RFPA
Найдите площадь четырехугольника UMKD с вершинами в точках (0, 0), (2, 0), (2, 4) и (0, 4).	quadrilateral UMKD
Определите площадь треугольника DLE со сторонами длиной 6, 8 и 10 единиц по формуле Герона	triangle DLE
Найдите величину ∠D в параллелограмме ZEJW, если ∠A = 105°.	parallelogram ZEJW
Найдите площадь трапеции YEOI, основания которой равны 25 см и 28 см, а высота 20 см.	trapezoid YEOI
В четырехугольнике WPRE, если ∠A = 85° и ∠B = 75°, найдите сумму оставшихся двух углов.	quadrilateral WPRE
В параллелограмме ZTDU, если AB = 12 см, BC = 15 см, CD = 12 см и DA = 15 см, найдите величину ∠A.	parallelogram ZTDU
Найдите периметр параллелограмма WMUD, стороны которого равны 12 см и 15 см.	parallelogram WMUD
В трапеции QEFW, если ∠A = 85° и ∠B = 75°, найдите сумму оставшихся двух углов.	trapezoid QEFW
Как называется трапеция HYDQ с двумя парами равных сторон?	trapezoid HYDQ
Как называется параллелограмм IAQJ, если AB = CD и AD = BC?	parallelogram IAQJ
Найдите периметр трапеции ZUAL, основания которой равны 10 см и 12 см, а высота 8 см.	trapezoid ZUAL
Найдите величину ∠C в трапеции CFHL, если ∠A = 100°.	trapezoid CFHL
В квадрате HWLI, если AB = CD и AD = BC, как называется квадрат?	square HWLI
Найдите периметр квадрата IUQX со стороной 22 см.	square IUQX
Как называется четырёхугольник HKMD, у которого все внутренние углы равны?	quadrilateral HKMD
Найдите площадь четырехугольника ZVTY, основание которого равно 12 см, а высота — 10 см.	quadrilateral ZVTY
Найдите величину ∠A в четырехугольнике FKRG, если AB = 15 см, BC = 18 см, CD = 15 см и DA = 18 см.	quadrilateral FKRG
Докажите, что сумма внутренних углов квадрата UZKA равна 360°.	square UZKA
Найдите длину диагонали квадрата KCSH со стороной 15 см.	square KCSH
Докажите, что противоположные стороны параллелограмма FYJU равны.	parallelogram FYJU
Докажите, что диагонали квадрата BDSO пересекаются и делятся пополам под углом 90°.	square BDSO
Как называется трапеция GMOY, у которой все стороны имеют одинаковую длину?	trapezoid GMOY
Найдите длину диагонали квадрата QEVW со стороной 12 см.	square QEVW
В трапеции ZWKM, если AB = CD и AD = BC, как называется трапеция?	trapezoid ZWKM
Как называется четырехугольник TIKW, если AB = CD и AD = BC?	quadrilateral TIKW
Как называется параллелограмм TKZS, если AB = CD и AD = BC?	parallelogram TKZS
В квадрате HDCO, если ∠A = 90°, найдите меру ∠D.	square HDCO
Найдите величину ∠D в четырехугольнике BMSC, если ∠A = 50°.	quadrilateral BMSC
Если стороны треугольника IEB относятся как 2:3:5, найдите длину самой длинной стороны, если периметр равен 60 см.	triangle IEB
В квадрате MCEN, если ∠A = 90°, найдите величины оставшихся трех углов.	square MCEN
Найдите площадь четырехугольника PTUG с вершинами (0, 0), (4, 0), (4, 3) и (0, 3).	quadrilateral PTUG
Какова площадь трапеции JHEA, основания которой равны 22 см и 25 см, а высота 18 см?	trapezoid JHEA
Вычислите длину медианы от вершины А в треугольнике QVG со сторонами длиной 3, 4 и 5 единиц	triangle QVG
Найдите длину диагонали параллелограмма TBKN, стороны которого равны 19 см и 23 см.	parallelogram TBKN
Найдите величину ∠B в параллелограмме TDKL, если ∠A = 60°.	parallelogram TDKL
Определите, образует ли треугольник GTC со сторонами длиной 5, 6 и 7 единиц прямоугольный треугольник	triangle GTC
Докажите, что сумма внутренних углов квадрата TVQO равна 360°.	square TVQO
В квадрате MNKD, если AB = BC = CD = DA, найдите меру ∠A.	square MNKD
В квадрате UJIO, если AB = BC = CD = DA, найдите меру ∠A.	square UJIO
Найдите длину медианы трапеции HENO, основания которой равны 14 см и 16 см, а высота — 10 см.	trapezoid HENO
Как называется четырехугольник QOZS, если AB = CD и AD ≠ BC?	quadrilateral QOZS
В квадрате XRGI, если ∠A = 90°, найдите величину ∠B.	square XRGI
В четырехугольнике DMAL, если ∠A = 90°, найдите меру ∠B.	quadrilateral DMAL
В параллелограмме SKLA, если ∠A = 30°, найдите величину ∠B.	parallelogram SKLA
В трапеции KVXD, если ∠A = 90°, найдите меру ∠B.	trapezoid KVXD
В квадрате TJQH, если AB = CD и AD = BC, как называется квадрат?	square TJQH
Как называется четырехугольник PIKM, у которого все внутренние углы равны?	quadrilateral PIKM
В четырехугольнике ESOM, если AB = CD и AD = BC, найдите величину ∠A.	quadrilateral ESOM
Найдите периметр квадрата HOFN со стороной 25 см.	square HOFN
Найдите площадь параллелограмма SNZA, основание которого равно 12 см, а высота — 10 см.	parallelogram SNZA
В треугольнике OAX, если углы относятся как 2:3:4, найдите величину среднего угла.	triangle OAX
Найдите величину ∠B в трапеции NLPV, если ∠A = 90°.	trapezoid NLPV
Как называется трапеция VCSZ, у которой все стороны имеют одинаковую длину?	trapezoid VCSZ
Найдите площадь треугольника KUH, если стороны равны 6 см, 8 см и 10 см.	triangle KUH
В параллелограмме AZSO, если AB = CD, как называется параллелограмм?	parallelogram AZSO
Как называется четырехугольник RQKG, если AC = BD?	quadrilateral RQKG
Найдите величину ∠C в параллелограмме HKAF, если ∠A = 50°.	parallelogram HKAF
Определите, образуют ли точки (2, 3), (5, 6) и (8, 1) остроугольный треугольник KRS	triangle KRS
Найдите площадь трапеции LROV с вершинами в точках (0, 0), (10, 0), (12, 15) и (0, 15)	trapezoid LROV
Найдите величину ∠B в четырехугольнике IGHV, если ∠A = 75°.	quadrilateral IGHV
Определить, образуют ли три данные точки равносторонний треугольник IUA	triangle IUA
В квадрате OKET, если AB = BC = CD = DA, найдите меру ∠A.	square OKET
Найдите величину ∠C в параллелограмме BJAS, если ∠A = 45°.	parallelogram BJAS
Докажите, что длины противоположных сторон параллелограмма MFGU равны.	parallelogram MFGU
Докажите, что диагонали трапеции UATE не обязательно являются взаимно перпендикулярными биссектрисами.	trapezoid UATE
Найдите величину ∠A в квадрате INMW, если диагонали AC и BD пересекаются под углом 90°.	square INMW
Найдите периметр параллелограмма EOVD, стороны которого равны 9 см и 11 см.	parallelogram EOVD
В трапеции NDFE, если AB = CD и AD = BC, как называется трапеция?	trapezoid NDFE
Определите, является ли треугольник MLX прямоугольным, если его стороны имеют длины 5, 12 и 13 единиц	triangle MLX
Найдите величину ∠A в четырехугольнике CQTA, если AB = 15 см, BC = 18 см, CD = 15 см и DA = 18 см.	quadrilateral CQTA
Определите площадь треугольника LHO, полупериметр которого равен 12 единицам, а углы 60°, 60° и 120°	triangle LHO
Как называется четырехугольник FOMK, если AB = CD и AD = BC?	quadrilateral FOMK
Определите площадь треугольника AVQ со сторонами длиной 5, 6 и 7 единиц по формуле Шолеса.	triangle AVQ
Найдите площадь квадрата UQGV со стороной 50 см.	square UQGV
Найдите длину диагонали трапеции VXAG, основания которой равны 22 см и 25 см, а высота — 16 см.	trapezoid VXAG
Как называется квадрат ALRW, у которого все углы прямые?	square ALRW
Найдите длину диагонали параллелограмма FPRB, стороны которого равны 8 см и 10 см.	parallelogram FPRB
Найдите площадь параллелограмма XOJI, основание которого равно 9 см, а высота — 7 см.	parallelogram XOJI
Найдите площадь четырехугольника FDUT, основание которого равно 8 см, а высота 5 см.	quadrilateral FDUT
Какова сумма внутренних углов параллелограмма WKBJ, один из углов которого равен 60°?	parallelogram WKBJ
Вычислите площадь треугольника BYF, учитывая, что его основание 14 см, а высота 10 см.	triangle BYF
Какова площадь четырехугольника FPJD, основание которого равно 18 см, а высота — 16 см?	quadrilateral FPJD
Как называется четырехугольник TYWE, у которого все стороны одинаковой длины и все углы прямые?	quadrilateral TYWE
Найдите длину диагонали четырехугольника BLHE, стороны которого имеют длину 4 см, 6 см и 8 см.	quadrilateral BLHE
Определите, является ли треугольник CBP остроугольным, если его стороны имеют длины 5, 6 и 7 единиц	triangle CBP
Найдите периметр квадрата BGOW со стороной 22 см.	square BGOW
Найдите площадь четырехугольника AUTE, основание которого равно 10 см, а высота — 8 см.	quadrilateral AUTE
Найдите площадь трапеции FCHI, основания которой равны 25 см и 28 см, а высота 20 см.	trapezoid FCHI
В параллелограмме UDRW, если ∠A = 90°, найдите величину ∠B.	parallelogram UDRW
Определите, является ли треугольник CNK тупым треугольником, когда его стороны имеют длину 5, 12 и 13 единиц	triangle CNK
Какова площадь квадрата PYTB со стороной 20 см?	square PYTB
Найдите периметр квадрата EOPX со стороной 70 см.	square EOPX
Определите, является ли треугольник XBP прямоугольным, если гипотенуза равна 15 см, а длина одного катета 9 см.	triangle XBP
Докажите, что диагонали параллелограмма AOUI точкой пересечения делятся пополам под прямым углом.	parallelogram AOUI
В квадрате RZEJ, если AB = BC = CD = DA, найдите меру ∠C.	square RZEJ
Найдите величину ∠C в трапеции LQGF, если ∠A = 60°.	trapezoid LQGF
Определите, является ли треугольник JGK равнобедренным, если угол при основании равен 30°.	triangle JGK
Найдите периметр четырехугольника YGPR со сторонами длиной 14 см, 16 см, 18 см и 20 см.	quadrilateral YGPR
Докажите, что диагонали трапеции PYAK пересекаются под углом 90°.	trapezoid PYAK
Как называется трапеция UADW с двумя парами равных сторон?	trapezoid UADW
В параллелограмме LZGK, если ∠A = 90°, найдите величину ∠B.	parallelogram LZGK
В трапеции CGYM, если AB = CD и AD = BC, как называется трапеция?	trapezoid CGYM
Определить вершины равностороннего треугольника MKV, вписанного в окружность радиуса 5 единиц	triangle MKV
Докажите, что диагонали трапеции WBOL пересекаются под углом 90°.	trapezoid WBOL
Найдите длину медианы из вершины A в треугольнике QDP со сторонами длиной 5, 6 и 7 единиц и докажите, что она делит пополам угол между сторонами DE и DF тогда и только тогда, когда треугольник равнобедренный	triangle QDP
Найдите центр тяжести треугольника MED с вершинами в (1, 2), (3, 4) и (5, 6)	triangle MED
Определите, подобен ли треугольник TZW треугольнику UVW со сторонами длиной 5:3:4 и 6:4:5 соответственно	triangle TZW
Найдите периметр трапеции MRUC, основания которой равны 25 см и 28 см, а высота 20 см.	trapezoid MRUC
Найдите величину ∠A в квадрате EOYR, если диагонали AC и BD пересекаются под углом 90°.	square EOYR
Докажите, что диагонали параллелограмма BFIA являются взаимно перпендикулярными и серединными.	parallelogram BFIA
Найдите величину ∠A в трапеции IKDL, если AB = 15 см, BC = 18 см, CD = 15 см и DA = 18 см.	trapezoid IKDL
Вычислите периметр треугольника KWO, если углы равны 50°, 60° и 70°.	triangle KWO
Докажите, что противоположные стороны трапеции UHXA не обязательно параллельны.	trapezoid UHXA
Найдите величину ∠B в трапеции JOYP, если ∠A = 90°.	trapezoid JOYP
Докажите, что диагонали квадрата SJLK пересекаются и делятся пополам под углом 90°.	square SJLK
Если стороны треугольника ILV относятся как 2:3:4, найдите длину самой длинной стороны, если периметр равен 30 см.	triangle ILV
В параллелограмме ORAH, если ∠A = 72°, найдите величину ∠B.	parallelogram ORAH
Как называется четырехугольник KLJX с двумя парами параллельных сторон?	quadrilateral KLJX
Как называется трапеция LOBC с двумя парами равных сторон?	trapezoid LOBC
Найдите величину ∠A в параллелограмме LBZW, если диагонали AC и BD пересекаются под углом 45°.	parallelogram LBZW
Какова площадь квадрата LHUJ, длина стороны которого 65 см?	square LHUJ
Найдите величину ∠A в квадрате FZUA, если диагонали AC и BD пересекаются под углом 90°.	square FZUA
Как называется четырехугольник WJES, если AB=CD и AD=BC?	quadrilateral WJES
Найдите величину ∠A в трапеции GDJT, если диагонали AC и BD пересекаются под углом 60°.	trapezoid GDJT
Как называется параллелограмм HBEQ, у которого все стороны имеют одинаковую длину и все внутренние углы имеют одинаковую величину?	parallelogram HBEQ
Какова высота треугольника NYJ, если его площадь 40 квадратных сантиметров?	triangle NYJ
В квадрате DSMQ, если AB = CD и AD = BC, как называется квадрат?	square DSMQ
Найдите периметр квадрата SAWH со стороной 10 см.	square SAWH
Найдите площадь трапеции QXFJ, основания которой равны 28 см и 30 см, а высота 22 см.	trapezoid QXFJ
Найдите площадь параллелограмма ONUC, основание которого равно 18 см, а высота — 15 см.	parallelogram ONUC
Докажите, что противоположные стороны параллелограмма ZFLC равны.	parallelogram ZFLC
Найдите периметр квадрата SEMU со стороной 12 см.	square SEMU
Найдите площадь квадрата TPUE со стороной 28 см.	square TPUE
Вычислите недостающую величину угла в треугольнике IBF, учитывая, что угол K и угол L равны 45°.	triangle IBF
В квадрате TZFL, если AB = BC = CD = DA, найдите меру ∠C.	square TZFL
В квадрате CXKT, если AB = CD и AD = BC, как называется квадрат?	square CXKT
Докажите, что диагонали трапеции VLOE пересекаются под углом 90°.	trapezoid VLOE
Найдите площадь трапеции OYLS, основания которой равны 28 см и 30 см, а высота 22 см.	trapezoid OYLS
В квадрате OHKY, если ∠A = 90°, найдите величины оставшихся трех углов.	square OHKY
Определите, лежит ли точка K(x, y) на описанной окружности треугольника ENM со сторонами длиной 5, 6 и 7 единиц	triangle ENM
Найдите величину ∠A в трапеции YBOI, если AB = 15 см, BC = 18 см, CD = 15 см и DA = 18 см.	trapezoid YBOI
Найдите периметр параллелограмма OPLM, стороны которого равны 7 см и 9 см.	parallelogram OPLM
Найдите центр описанной окружности треугольника OIS с вершинами в точках (3, 4), (5, -2) и (-2, 6)	triangle OIS
В квадрате DRUJ, если AB = CD и AD = BC, как называется квадрат?	square DRUJ
В трапеции UNRE, если AB = CD и AD = BC, как называется трапеция?	trapezoid UNRE
Найдите величину ∠B в трапеции ZJBL, если ∠A = 75°.	trapezoid ZJBL
Найдите длину диагонали квадрата NPHG со стороной 40 см.	square NPHG
Определите, является ли треугольник LGM равнобедренным, если его стороны имеют длины 5, 5 и 12 единиц.	triangle LGM
Найдите величину ∠B в трапеции FTGQ, если ∠A = 70°.	trapezoid FTGQ
Найдите площадь трапеции JAEY, основания которой равны 12 см и 15 см, а высота 10 см.	trapezoid JAEY
Докажите, что противоположные стороны параллелограмма SWRK равны.	parallelogram SWRK
Вычислите периметр прямоугольного треугольника EXF, в котором длина гипотенузы равна 15 см.	triangle EXF
Найдите площадь квадрата WLXA со стороной 42 см.	square WLXA
Найдите площадь квадрата MRFY с вершинами в точках (0, 0), (10, 0), (10, 10) и (0, 10).	square MRFY
Найдите площадь параллелограмма HKFW, основание которого равно 15 см, а высота — 12 см.	parallelogram HKFW
Найдите периметр четырехугольника CFNZ со сторонами 7 см, 8 см, 9 см и 10 см.	quadrilateral CFNZ
Найдите периметр трапеции ZHTL, основания которой равны 12 см и 15 см, а высота 10 см.	trapezoid ZHTL
Чему равна сумма внутренних углов четырёхугольника TEAD?	quadrilateral TEAD
Найдите величину ∠B в параллелограмме WIAV, если ∠A = 60°.	parallelogram WIAV
Как называется четырехугольник AZPG, если AB = CD и AD = BC?	quadrilateral AZPG
Найдите длину диагонали четырехугольника NBOK со сторонами 6 см, 8 см и 10 см.	quadrilateral NBOK
Как называется квадрат RZHL, у которого все стороны имеют одинаковую длину?	square RZHL
Определите площадь треугольника JNE со сторонами длиной 7, 8 и 9 единиц по формуле Герона	triangle JNE
Найдите длину диагонали четырехугольника BELP, стороны которого равны 14 см, 16 см и 18 см.	quadrilateral BELP
Найдите длину медианы трапеции HQSW, основания которой равны 16 см и 18 см, а высота — 12 см.	trapezoid HQSW
Найдите длину диагонали квадрата RVGU со стороной 20 см.	square RVGU
В квадрате YOXA, если ∠A = 90°, найдите величину ∠B.	square YOXA
Найдите координаты ортоцентра треугольника JFU с вершинами (1, 2), (3, 4) и (5, 6)	triangle JFU
Найдите площадь четырехугольника IQML, основание которого равно 15 см, а высота — 12 см.	quadrilateral IQML
Найдите площадь квадрата UCHP со стороной 28 см.	square UCHP
Найдите величину ∠A в параллелограмме ZVQO, если диагонали AC и BD пересекаются под углом 45°.	parallelogram ZVQO
Какова площадь трапеции GVYW, основания которой равны 25 см и 28 см, а высота 20 см?	trapezoid GVYW
Найдите площадь прямоугольного треугольника WJK Пифагора с длиной катетов 3 и 4 единицы	triangle WJK
Докажите, что диагонали четырехугольника YNWK не обязательно являются взаимно перпендикулярными биссектрисами.	quadrilateral YNWK
В квадрате DNMH, если AB = BC = CD = DA, найдите меру ∠C.	square DNMH
Как называется четырехугольник FJZK с двумя парами равных сторон?	quadrilateral FJZK
Вычислите периметр треугольника VAP, если углы равны 55°, 65° и 60°.	triangle VAP
В параллелограмме RKAY, если ∠A = 80°, найдите величину ∠B.	parallelogram RKAY
Найдите площадь квадрата XCIL со стороной 20 см.	square XCIL
Найдите длину стороны правильного треугольника WYQ, периметр которого равен 36 см.	triangle WYQ
Найдите площадь квадрата RDEI с вершинами в точках (0, 0), (10, 0), (10, 10) и (0, 10).	square RDEI
Найдите длину диагонали квадрата TQRP со стороной 20 см.	square TQRP
Найдите площадь четырехугольника IYMQ, основание которого равно 20 см, а высота — 18 см.	quadrilateral IYMQ
Определите площадь треугольника YTE со сторонами длиной 5, 6 и 7 единиц с помощью тригонометрических функций	triangle YTE
Найдите площадь четырехугольника YXLM с вершинами в точках (0, 0), (8, 0), (8, 12) и (0, 12).	quadrilateral YXLM
Найдите площадь трапеции IYOJ, основания которой равны 25 см и 28 см, а высота 20 см.	trapezoid IYOJ
Найдите величину ∠B в параллелограмме LROY, если ∠A = 60°.	parallelogram LROY
Как называется трапеция MVUY, у которой все стороны имеют одинаковую длину?	trapezoid MVUY
Найдите длину диагонали трапеции ECIZ, основания которой равны 18 см и 20 см, а высота — 14 см.	trapezoid ECIZ
Найдите периметр трапеции AYEG, основания которой равны 15 см и 20 см, а высота 12 см.	trapezoid AYEG
Докажите, что диагонали квадрата GDEV являются взаимно перпендикулярными биссектрисами.	square GDEV
Найдите длину медианы из вершины B в треугольнике BYV со сторонами длиной 5, 6 и 7 единиц и докажите, что она является высотой треугольника тогда и только тогда, когда он прямоугольный	triangle BYV
Найдите длину диагонали квадрата RIWL со стороной 75 см.	square RIWL
Найдите площадь параллелограмма LOFA, основание которого равно 12 см, а высота — 10 см.	parallelogram LOFA
Найдите величину ∠C в трапеции QTPH, если ∠A = 65°.	trapezoid QTPH
Какова площадь квадрата BHQF со стороной 18 см?	square BHQF
Найдите величину ∠C в четырехугольнике SWKZ, если ∠A = 90°.	quadrilateral SWKZ
Найдите периметр четырехугольника FIOU со сторонами 3 см, 5 см, 7 см и 9 см.	quadrilateral FIOU
В квадрате DERI, если ∠A = 90°, найдите величину ∠B.	square DERI
Определите, является ли треугольник NWU остроугольным, если его стороны имеют длины 3, 4 и 5 единиц	triangle NWU
Найдите величину ∠D в параллелограмме GZKD, если ∠A = 110°.	parallelogram GZKD
Как называется четырехугольник HCIJ, у которого все стороны имеют одинаковую длину и все внутренние углы имеют одинаковую величину?	quadrilateral HCIJ
В квадрате IHGY, если ∠A = 90°, найдите меру ∠D.	square IHGY
Как называется четырехугольник CWZR, у которого все углы прямые?	quadrilateral CWZR
В равнобедренном треугольнике IDW, если углы при основании равны 70 градусов, какова величина угла при вершине?	triangle IDW
Как называется квадрат TOBY, у которого все стороны одинаковой длины и все углы прямые?	square TOBY
Как называется параллелограмм ZEWQ, у которого все стороны равны и все углы прямые?	parallelogram ZEWQ
Найдите площадь трапеции RMYZ, основания которой равны 18 см и 22 см, а высота 14 см.	trapezoid RMYZ
Как называется четырехугольник ELSW, если диагонали AC и BD делят друг друга пополам?	quadrilateral ELSW
Докажите, что диагонали параллелограмма ZNRJ точкой пересечения образуют угол 90°.	parallelogram ZNRJ
Найдите длину диагонали параллелограмма LYAX, стороны которого равны 15 см и 18 см.	parallelogram LYAX
Как называется четырехугольник NLAR с двумя парами параллельных сторон?	quadrilateral NLAR
Определите длину стороны треугольника QCR, который представляет собой равнобедренный треугольник с периметром 30 см.	triangle QCR
Найдите площадь четырехугольника BQEO с вершинами в точках (1, 1), (4, 1), (4, 5) и (1, 5).	quadrilateral BQEO
Вычислите периметр дельты CLB, если стороны равны 4 см, 5 см и 7 см.	triangle CLB
Как называется четырехугольник NZKA, если диагонали AC и BD перпендикулярны друг другу?	quadrilateral NZKA
Если стороны треугольника MEU относятся как 1:2:3, найдите длину самой длинной стороны, если периметр равен 54 см.	triangle MEU
Найдите площадь квадрата ISVC с вершинами в точках (0, 0), (40, 0), (40, 40) и (0, 40).	square ISVC
Докажите, что противоположные стороны параллелограмма LCFB параллельны.	parallelogram LCFB
Вычислите высоту тупоугольного треугольника PYH с длиной основания 13 единиц и углом 120 градусов	triangle PYH
В параллелограмме EIZT, если ∠A = 70°, найдите величину ∠B.	parallelogram EIZT
Вычислите углы треугольника ZTB, если два угла дополнительные, а третий угол равен 40°.	triangle ZTB
Найдите периметр четырехугольника YQCR со сторонами длиной 10 см, 12 см, 14 см и 16 см.	quadrilateral YQCR
Найдите площадь треугольника HCR, если высота 9 см, а основание 12 см.	triangle HCR
Докажите, что сумма внутренних углов четырехугольника YDHG всегда равна сумме внутренних углов двух треугольников.	quadrilateral YDHG
Какова площадь четырехугольника QTPZ, основание которого равно 18 см, а высота — 16 см?	quadrilateral QTPZ
Найдите величину ∠B в трапеции AZRH, если ∠A = 70°.	trapezoid AZRH
Определите, является ли треугольник LXN равнобедренным, если оба угла, лежащие против равных сторон, равны 45°.	triangle LXN
Найдите величину ∠C в параллелограмме ZMWG, если диагонали AC и BD пересекаются под углом 45°.	parallelogram ZMWG
В трапеции KMDL, если AB = CD и AD = BC, как называется трапеция?	trapezoid KMDL
Найдите периметр трапеции RKZG, основания которой равны 18 см и 20 см, а высота 14 см.	trapezoid RKZG
Как называется квадрат JHLI, у которого все углы прямые?	square JHLI
Найдите величину ∠A в трапеции PSCT, если AB = 22 см, BC = 25 см, CD = 22 см и DA = 25 см.	trapezoid PSCT
Как называется четырёхугольник IQUA, у которого все углы прямые и все стороны разной длины?	quadrilateral IQUA
Докажите, что противоположные стороны трапеции KJOV не обязательно параллельны.	trapezoid KJOV
В четырехугольнике BYFP, если ∠A = 85° и ∠B = 75°, найдите сумму оставшихся двух углов.	quadrilateral BYFP
Найдите периметр квадрата PGZK со стороной 38 см.	square PGZK
Как называется параллелограмм MQHK, если AB = CD и AD = BC?	parallelogram MQHK
Найдите площадь четырехугольника AIVR с вершинами в точках (0, 0), (2, 0), (2, 4) и (0, 4).	quadrilateral AIVR
Найдите длину диагонали четырехугольника DFXU, стороны которого равны 14 см, 16 см и 18 см.	quadrilateral DFXU
Найдите периметр квадрата QFYH со стороной 38 см.	square QFYH
Как называется трапеция URTS, у которой все углы прямые?	trapezoid URTS
Определите, лежит ли точка (4, 5) внутри или снаружи треугольника JQM с вершинами в (1, 2), (3, 4) и (5, 6)	triangle JQM
В четырехугольнике ZQDM, если AB = CD и AD = BC, найдите величину ∠A.	quadrilateral ZQDM
Найдите величину ∠D в параллелограмме VTBE, если ∠A = 120°.	parallelogram VTBE
Вычислите углы треугольника ABE, учитывая, что угол A и угол C являются дополнительными.	triangle ABE
Как называется трапеция HSNM с двумя парами равных сторон?	trapezoid HSNM
Вычислите углы треугольника DOI, если два угла являются дополнительными, а третий угол равен 75°.	triangle DOI
Как называется параллелограмм YZLT, у которого все стороны равны и все углы прямые?	parallelogram YZLT
Как называется трапеция HOQX, у которой все стороны имеют одинаковую длину?	trapezoid HOQX
Найдите периметр трапеции GXBI, основания которой равны 22 см и 25 см, а высота — 18 см.	trapezoid GXBI
Найдите площадь четырехугольника VAIT, основание которого равно 22 см, а высота — 20 см.	quadrilateral VAIT
В четырехугольнике TFPN, если AB = 8 см, BC = 10 см, CD = 12 см, DA = 14 см и ∠A = 90°, найдите меру ∠C.	quadrilateral TFPN
Как называется трапеция EMRD с двумя парами равных сторон?	trapezoid EMRD
Докажите, что противоположные стороны параллелограмма ZADV параллельны.	parallelogram ZADV
Найдите длину медианы из вершины А в треугольнике SUN со сторонами длиной 3, 4 и 5 единиц. Докажите, что эта медиана является самой короткой стороной треугольника.	triangle SUN
Найдите периметр параллелограмма XKMI со сторонами длиной 13 см и 16 см.	parallelogram XKMI
Найдите площадь параллелограмма FHUV, основание которого равно 11 см, а высота — 10 см.	parallelogram FHUV
Найдите величину ∠B в трапеции XZVR, если ∠A = 90°.	trapezoid XZVR
Найдите периметр четырехугольника EKJC со сторонами 7 см, 8 см, 9 см и 10 см.	quadrilateral EKJC
В квадрате KTRQ, если ∠A = 90°, найдите величину ∠B.	square KTRQ
Докажите, что противоположные стороны четырехугольника SJLK не обязательно равны.	quadrilateral SJLK
Найдите площадь параллелограмма VCDX, основание которого равно 8 см, а высота — 6 см.	parallelogram VCDX
Как называется квадрат EVRS, у которого все стороны имеют одинаковую длину?	square EVRS
Какова сумма внутренних углов параллелограмма BJLO, один из углов которого равен 90°?	parallelogram BJLO
Какова площадь параллелограмма XSVT, основание которого равно 10 см, а высота — 8 см?	parallelogram XSVT
В квадрате LUHI, если AB = CD и AD = BC, как называется квадрат?	square LUHI
Найдите величину ∠A в трапеции UFSO, если AB = 22 см, BC = 25 см, CD = 22 см и DA = 25 см.	trapezoid UFSO
Найдите величину ∠C в трапеции FPID, если ∠A = 100°.	trapezoid FPID
Найдите длину высоты от вершины B в треугольнике SXF со сторонами длиной 7, 8 и 9 единиц	triangle SXF
Найдите площадь четырехугольника JSCU, основание которого равно 10 см, высота 6 см и один угол равен 60°.	quadrilateral JSCU
Найдите площадь треугольника NCW, если его полупериметр равен 8 см.	triangle NCW
В параллелограмме RWYB, если AB = CD, как называется параллелограмм?	parallelogram RWYB
Вычислить расстояние от точки P(2, 3) до середины M стороны BC в треугольнике VQG с вершинами в (1, 2), (3, 4) и (5, 6)	triangle VQG
Как называется четырехугольник QGCE с двумя парами параллельных сторон?	quadrilateral QGCE
Как называется трапеция CWOL, у которой все углы прямые?	trapezoid CWOL
Какова сумма внутренних углов параллелограмма ABOU, один из углов которого равен 90°?	parallelogram ABOU
Найдите самую длинную сторону треугольника GJB, учитывая, что две другие стороны равны и имеют длину 9 см каждая.	triangle GJB
Вычислите недостающую величину угла в треугольнике MCI, если углы относятся как 5:7:8.	triangle MCI
Найдите периметр четырехугольника QHDU со сторонами длиной 16 см, 18 см, 20 см и 22 см.	quadrilateral QHDU
Докажите, что диагонали трапеции OEBJ пересекаются под углом 90°.	trapezoid OEBJ
Докажите, что диагонали трапеции GQLS пересекаются под углом 90°.	trapezoid GQLS
В треугольнике XRN, если углы относятся как 5:7:8, найдите величину наибольшего угла.	triangle XRN
Найдите периметр параллелограмма BPYO, стороны которого равны 14 см и 17 см.	parallelogram BPYO
Найдите величину ∠C в трапеции DFIU, если ∠A = 65°.	trapezoid DFIU
Найдите периметр трапеции QYNO, основания которой равны 20 см и 25 см, а высота — 16 см.	trapezoid QYNO
Как называется четырехугольник DPVT, если AB=CD и AD=BC?	quadrilateral DPVT
Найдите длину диагонали трапеции HLGJ, основания которой равны 20 см и 22 см, а высота — 14 см.	trapezoid HLGJ
Найдите длину медианы из вершины B в треугольнике AIC с сторонами длины 10, 11 и 12 единиц и докажите, что он разделяет угол между сторонами YX и ZX	triangle AIC
Найдите площадь треугольника SDJ со сторонами длиной 5, 6 и 7 единиц	triangle SDJ
В квадрате GXOH, если AB = BC = CD = DA, найдите меру ∠C.	square GXOH
В трапеции NMQU, если ∠A = 85° и ∠B = 75°, найдите сумму оставшихся двух углов.	trapezoid NMQU
Определите, является ли треугольник ROB прямоугольным, если гипотенуза равна 11 см, а длина одного катета 9 см.	triangle ROB
Найдите длину медианы из вершины B в треугольнике WTB со сторонами длиной 5, 6 и 7 единиц и докажите, что она делит пополам медиану, проведенную из вершины C, тогда и только тогда, когда треугольник равносторонний	triangle WTB
Если стороны треугольника NST относятся как 3:4:5, найдите длину самой длинной стороны, если периметр равен 50 см.	triangle NST
Найдите величину ∠C в трапеции BXPO, если ∠A = 60°.	trapezoid BXPO
Как называется четырехугольник ADRM с двумя парами параллельных сторон?	quadrilateral ADRM
Найдите площадь трапеции EJQS с вершинами в точках (0, 0), (8, 0), (10, 12) и (0, 12).	trapezoid EJQS
Определите, является ли треугольник RWG прямоугольным, если гипотенуза равна 18 см, а длина одного катета 15 см.	triangle RWG
Как называется четырехугольник EKBY, у которого все стороны одинаковой длины и все углы прямые?	quadrilateral EKBY
Найдите величину ∠C в параллелограмме KWXF, если ∠A = 45°.	parallelogram KWXF
Найдите величину ∠B в трапеции JDML, если ∠A = 70°.	trapezoid JDML
Докажите, что противолежащие углы параллелограмма ZUHB являются дополнительными.	parallelogram ZUHB
Найдите длину медианы из вершины А в треугольнике IOP со сторонами длиной 3, 4 и 5 единиц. Докажите, что эта медиана делит треугольник на две равные площади.	triangle IOP
Найдите величину ∠A в трапеции FDYH, если диагонали AC и BD пересекаются под углом 45°.	trapezoid FDYH
В трапеции JGKP, если AB = CD и AD = BC, как называется трапеция?	trapezoid JGKP
Найдите периметр трапеции GWXH, основания которой равны 22 см и 25 см, а высота — 18 см.	trapezoid GWXH
В параллелограмме YAFK, если ∠A = 80°, найдите величину ∠B.	parallelogram YAFK
В четырехугольнике VZFT, если ∠A = 120° и ∠B = 60°, найдите величину ∠C.	quadrilateral VZFT
Найдите площадь параллелограмма QZIP с вершинами в точках (0, 0), (7, 0), (7, 12) и (0, 12).	parallelogram QZIP
Найдите величину ∠D в параллелограмме IBZT, если ∠A = 105°.	parallelogram IBZT
Какова сумма внутренних углов параллелограмма SXQU, один из углов которого равен 90°?	parallelogram SXQU
Докажите, что диагонали четырехугольника WFRH точкой пересечения делятся пополам.	quadrilateral WFRH
Как называется параллелограмм XURD, если AB = CD и AD = BC?	parallelogram XURD
Как называется трапеция AVJN, у которой все стороны имеют одинаковую длину?	trapezoid AVJN
Найдите периметр трапеции KCNO, основания которой равны 20 см и 25 см, а высота — 16 см.	trapezoid KCNO
Как называется четырехугольник USPM с двумя парами равных сторон?	quadrilateral USPM
Найдите площадь квадрата MJYI со стороной 25 см.	square MJYI
Найдите величину ∠A в трапеции KTSX, если диагонали AC и BD пересекаются под углом 45°.	trapezoid KTSX
Вычислите недостающую величину угла в треугольнике UGT, если углы относятся как 3:4:5.	triangle UGT
Если стороны треугольника GAN относятся как 2:3:4, найдите длину самой длинной стороны, если периметр равен 84 см.	triangle GAN
Докажите, что диагонали квадрата BRQF являются взаимно перпендикулярными биссектрисами.	square BRQF
Найдите длину стороны равностороннего треугольника GIL, периметр которого равен 60 см.	triangle GIL
Найдите длину диагонали трапеции PRUA, основания которой равны 16 см и 18 см, а высота 10 см.	trapezoid PRUA
Как называется квадрат XFKA, у которого все стороны одинаковой длины и все углы прямые?	square XFKA
Докажите, что диагонали трапеции RXQS пересекаются под углом 90°.	trapezoid RXQS
Найдите длину диагонали четырехугольника HCKN со сторонами 6 см, 8 см и 10 см.	quadrilateral HCKN
Найдите длину диагонали квадрата WGAR со стороной 15 см.	square WGAR
Найдите площадь четырехугольника HZRL, основание которого равно 8 см, а высота 5 см.	quadrilateral HZRL
Определите площадь треугольника IQE со сторонами длиной 5, 6 и 7 единиц, используя Закон касательных	triangle IQE
Найдите периметр параллелограмма ZSBU, стороны которого равны 15 см и 19 см.	parallelogram ZSBU
В параллелограмме FYNH, если AB = 12 см, BC = 15 см, CD = 12 см и DA = 15 см, найдите величину ∠A.	parallelogram FYNH
В квадрате VXCW, если ∠A = 90°, найдите меру ∠D.	square VXCW
Найдите площадь квадрата ZCNX со стороной 15 см.	square ZCNX
В квадрате VNGT, если ∠A = 90°, найдите меру ∠D.	square VNGT
Докажите, что диагонали квадрата VXWG пересекаются и делятся пополам под углом 90°.	square VXWG
Докажите, что противолежащие углы параллелограмма XDMU являются дополнительными.	parallelogram XDMU
Как называется квадрат ZBWU, у которого все стороны одинаковой длины и все углы прямые?	square ZBWU
Как называется квадрат CVLQ, у которого все стороны одинаковой длины и все углы прямые?	square CVLQ
Найдите длину медианы из вершины B в треугольнике JXG со сторонами длиной 5, 6 и 7 единиц и докажите, что она является высотой треугольника тогда и только тогда, когда он прямоугольный.	triangle JXG
Какова площадь квадрата ICWZ со стороной 20 см?	square ICWZ
Найдите периметр четырехугольника LHRW со сторонами 12 см, 15 см, 18 см и 20 см.	quadrilateral LHRW
Вычислите площадь треугольника TEC, если стороны равны 4 см, 5 см и 7 см.	triangle TEC
Найдите площадь четырехугольника PQNX с вершинами в точках (0, 0), (9, 0), (9, 15) и (0, 15).	quadrilateral PQNX
Докажите, что диагонали параллелограмма CSVP равны.	parallelogram CSVP
Как называется четырехугольник GDIE, если AB = CD и AD = BC?	quadrilateral GDIE
В четырехугольнике SCIF, если AB = CD, как называется четырехугольник?	quadrilateral SCIF
Какова площадь параллелограмма BVOK, основание которого равно 16 см, а высота — 18 см?	parallelogram BVOK
Как называется четырехугольник TLQR, у которого все стороны одинаковой длины и все углы прямые?	quadrilateral TLQR
Докажите, что сумма внутренних углов квадрата PHYQ равна 360°.	square PHYQ
Вычислите углы треугольника JKO, если два угла дополнительные, а третий угол равен 100°.	triangle JKO
Найдите длину диагонали трапеции BTJV, основания которой равны 18 см и 20 см, а высота — 14 см.	trapezoid BTJV
Найдите площадь квадрата LGAR с вершинами в точках (0, 0), (30, 0), (30, 30) и (0, 30).	square LGAR
Найдите периметр параллелограмма MRJW, стороны которого равны 10 см и 12 см.	parallelogram MRJW
В четырехугольнике KWHV, если AB = 10 см, BC = 12 см, CD = 15 см и DA = 16 см, ∠A = 70°, найдите меру ∠B.	quadrilateral KWHV
Как называется четырехугольник PYRD, если диагонали AC и BD пересекаются под углом 90°?	quadrilateral PYRD
Определите, является ли треугольник TWA прямоугольным, если длина гипотенузы 13 см, а длина одного катета 5 см.	triangle TWA
В параллелограмме OYSR, если ∠A = 90°, найдите величину ∠B.	parallelogram OYSR
В параллелограмме UGVA, если ∠A = 90°, найдите величину ∠B.	parallelogram UGVA
Какова площадь трапеции CMDS, основания которой равны 18 см и 20 см, а высота 14 см?	trapezoid CMDS
В квадрате CRMK, если ∠A = 90°, найдите величины оставшихся трех углов.	square CRMK
Найдите длину диагонали трапеции DJQU, основания которой равны 22 см и 25 см, а высота — 16 см.	trapezoid DJQU
Определите, является ли треугольник AXQ равнобедренным, если угол при основании равен 50°.	triangle AXQ
Докажите, что сумма внутренних углов четырехугольника YTAO всегда равна 360°.	quadrilateral YTAO
В квадрате RJWA, если AB = BC = CD = DA, найдите меру ∠C.	square RJWA
Найдите длину стороны равностороннего треугольника GCA, периметр которого равен 42 см.	triangle GCA
Найдите величину ∠C в четырехугольнике PEBQ, если ∠A = 55°.	quadrilateral PEBQ
Найдите периметр четырехугольника RUGA со сторонами 3 см, 5 см, 7 см и 9 см.	quadrilateral RUGA
Найдите величину ∠D в параллелограмме FWSL, если ∠A = 120°.	parallelogram FWSL
В прямоугольном треугольнике TXL, если катеты одинаковой длины, а гипотенуза равна 13 см, найдите длину каждого катета.	triangle TXL
Определите, является ли треугольник OJG прямоугольным, если гипотенуза равна 12 см, а длина одного катета 7 см.	triangle OJG
Найти уравнение биссектрисы стороны, противоположной вершине C, в треугольнике KQP со сторонами AB = 7, BC = 8, CA = 6	triangle KQP
Как называется трапеция TWZL, у которой все углы прямые?	trapezoid TWZL
Определите площадь треугольника NRK со сторонами длиной 5, 6 и 7 единиц, используя закон косинусов	triangle NRK
Вычислите длину гипотенузы прямоугольного треугольника PXT с катетами длиной 5 и 12 единиц	triangle PXT
Как называется квадрат OKTS, у которого все стороны одинаковой длины и все углы прямые?	square OKTS
Найдите длину медианы трапеции JUYR, основания которой равны 18 см и 20 см, а высота — 12 см.	trapezoid JUYR
Найдите величину ∠C в трапеции PDQF, если ∠A = 110°.	trapezoid PDQF
Найдите величину ∠C в параллелограмме GMXR, если ∠A = 50°.	parallelogram GMXR
Как называется квадрат WAGQ, у которого все стороны одинаковой длины и все углы прямые?	square WAGQ
Как называется квадрат JOMN, у которого все углы прямые?	square JOMN
Найдите периметр параллелограмма YDSA, стороны которого равны 10 см и 12 см.	parallelogram YDSA
Как называется параллелограмм XMNW, если AB = CD и AD = BC?	parallelogram XMNW
Вычислите длину медианы от вершины B в треугольнике NLS со сторонами длиной 3, 4 и 5 единиц	triangle NLS
Определите, лежит ли точка D на описанной окружности треугольника LBE со сторонами длиной 5, 6 и 7 единиц	triangle LBE
Найдите периметр квадрата EPIF со стороной 18 см.	square EPIF
Докажите, что диагонали параллелограмма VMEO точкой пересечения образуют угол 90°.	parallelogram VMEO
Найдите площадь квадрата CWMF со стороной 20 см.	square CWMF
Найдите площадь трапеции BMIW, основания которой равны 15 см и 18 см, а высота 12 см.	trapezoid BMIW
Найдите величину ∠A в трапеции LSZQ, если диагонали AC и BD пересекаются под углом 60°.	trapezoid LSZQ
Докажите, что диагонали трапеции MJKP не обязательно являются взаимно перпендикулярными биссектрисами.	trapezoid MJKP
Докажите, что диагонали трапеции TMEH не обязательно являются взаимно перпендикулярными биссектрисами.	trapezoid TMEH
Найдите величину ∠D в параллелограмме PXAK, если ∠A = 60°.	parallelogram PXAK
Найдите площадь треугольника FTC, если его стороны равны 10 см, 12 см и 15 см.	triangle FTC
Найдите площадь параллелограмма SAUX, основание которого равно 18 см, а высота — 15 см.	parallelogram SAUX
Найдите периметр квадрата ATIF со стороной 10 см.	square ATIF
Как называется четырехугольник PBOK, если диагонали AC и BD перпендикулярны друг другу?	quadrilateral PBOK
Найдите периметр трапеции IHFV, основания которой равны 18 см и 20 см, а высота 14 см.	trapezoid IHFV
Найдите длину диагонали квадрата UNQB со стороной 18 см.	square UNQB
Докажите, что диагонали четырехугольника ZQVP не обязательно являются взаимно перпендикулярными биссектрисами.	quadrilateral ZQVP
Как называется четырехугольник OFJM, у которого все стороны имеют одинаковую длину и все внутренние углы имеют одинаковую величину?	quadrilateral OFJM
Найдите периметр трапеции FWDI, основания которой равны 28 см и 30 см, а высота — 22 см.	trapezoid FWDI
Как называется четырехугольник IBYT, если AB = CD и AD = BC?	quadrilateral IBYT
Как называется четырехугольник VDOE, у которого все углы прямые и все стороны разной длины?	quadrilateral VDOE
В квадрате BHRI, если ∠A = 90°, найдите величину ∠B.	square BHRI
Как называется параллелограмм VNEU, если AB = CD и AD = BC?	parallelogram VNEU
Найдите площадь квадрата UJVL со стороной 80 см.	square UJVL
Определите, является ли треугольник ISG прямоугольным, если гипотенуза равна 10 см, а длина одного катета 6 см.	triangle ISG
В треугольнике LGA, если высота от вершины P до стороны QR равна 10 см, а площадь 40 см², найдите длину QR.	triangle LGA
Найдите площадь трапеции UBQJ, основания которой равны 22 см и 25 см, а высота 18 см.	trapezoid UBQJ
В четырехугольнике KSHR, если ∠A = 80° и ∠B = 100°, найдите сумму оставшихся двух углов.	quadrilateral KSHR
Докажите, что диагонали квадрата PAOY являются взаимно перпендикулярными биссектрисами.	square PAOY
В равнобедренном треугольнике UCW, если углы при основании равны 48 градусов, найдите величину угла при вершине.	triangle UCW
Найдите высоту равностороннего треугольника VZU с длиной стороны 10 единиц	triangle VZU
Докажите, что диагонали четырехугольника APYJ делят друг друга пополам тогда и только тогда, когда этот четырехугольник является параллелограммом.	quadrilateral APYJ
Как называется квадрат SDZK, у которого все углы прямые?	square SDZK
Определите, имеет ли треугольник ULX стороны длиной 6, 8 и 10 единиц и является ли треугольник Пифагора (т. е. квадрат одной стороны равен сумме квадратов двух других сторон).	triangle ULX
Как называется параллелограмм RXKV, у которого все стороны имеют одинаковую длину?	parallelogram RXKV
Докажите, что противоположные стороны четырехугольника SQAB не обязательно параллельны.	quadrilateral SQAB
В квадрате PKRN, если AB = BC = CD = DA, найдите меру ∠A.	square PKRN
Определите, конгруэнтен ли треугольник JAD треугольнику DEF со сторонами длиной 5, 6 и 7 единиц и сторонами длиной 3, 4 и 5 единиц соответственно	triangle JAD
Найдите длину диагонали четырехугольника EZFB, стороны которого равны 16 см, 18 см и 20 см.	quadrilateral EZFB
Найдите периметр треугольника OGE, если углы равны 55°, 65° и 60°.	triangle OGE
В четырехугольнике WDIK, если AB = 8 см, BC = 10 см, CD = 12 см, DA = 14 см и ∠A = 90°, найдите меру ∠C.	quadrilateral WDIK
Найдите периметр трапеции OUYJ, основания которой равны 20 см и 22 см, а высота — 14 см.	trapezoid OUYJ
Найдите величину ∠C в параллелограмме RFWD, если ∠A = 45°.	parallelogram RFWD
Как называется трапеция FAKW, у которой все стороны имеют одинаковую длину?	trapezoid FAKW
Какова площадь трапеции EXKD, основания которой равны 20 см и 22 см, а высота 16 см?	trapezoid EXKD
Вычислите углы треугольника LAS, если два угла являются дополнительными, а третий угол равен 70°.	triangle LAS
Докажите, что сумма внутренних углов четырехугольника RMSX равна 360°.	quadrilateral RMSX
В четырёхугольнике RLMB, если ∠A + ∠C = 180°, как называется четырёхугольник?	quadrilateral RLMB
В квадрате NIGX, если ∠A = 90°, найдите меру ∠D.	square NIGX
В треугольнике DCI, если высота от вершины P до стороны QR равна 3 см, а площадь 9 см², найдите длину QR.	triangle DCI
Найдите площадь квадрата BLDQ с вершинами в точках (0, 0), (12, 0), (12, 12) и (0, 12).	square BLDQ
Вычислите недостающую величину угла в треугольнике UIS, если углы относятся как 4:5:6.	triangle UIS
Найдите периметр параллелограмма IMXV со сторонами длиной 13 см и 16 см.	parallelogram IMXV
В четырехугольнике HOAP, если ∠A = 90° и ∠B = 60°, найти меру ∠C.	quadrilateral HOAP
В трапеции VQJM, если ∠A = 85° и ∠B = 75°, найдите сумму оставшихся двух углов.	trapezoid VQJM
Как называется четырехугольник MDKH, если AC = BD?	quadrilateral MDKH
Найдите площадь четырехугольника IMLO с вершинами (0, 0), (2, 0), (2, 4) и (0, 4).	quadrilateral IMLO
Докажите, что диагонали четырехугольника NCPE точкой пересечения делятся пополам под углом 90°.	quadrilateral NCPE
Как называется квадрат TJZU, у которого все стороны одинаковой длины и все углы прямые?	square TJZU
Найдите величину ∠A в параллелограмме AWBR, если AB = 10 см, BC = 12 см, CD = 10 см и DA = 12 см.	parallelogram AWBR
Найдите площадь параллелограмма VQCO, основание которого равно 9 см, а высота — 7 см.	parallelogram VQCO
Найдите длину стороны равнобедренного треугольника CPA, периметр которого равен 36 см.	triangle CPA
Найдите длину стороны равностороннего треугольника CQJ, периметр которого равен 18 см.	triangle CQJ
Какова площадь трапеции VNYU, основания которой равны 18 см и 20 см, а высота 14 см?	trapezoid VNYU
Как называется трапеция CSIM, у которой все углы прямые?	trapezoid CSIM
Докажите, что диагонали квадрата LSFX пересекаются и делятся пополам под углом 90°.	square LSFX
Найдите периметр квадрата MSKG со стороной 45 см.	square MSKG
Найдите величину ∠A в трапеции BADT, если AB = 20 см, BC = 22 см, CD = 20 см и DA = 22 см.	trapezoid BADT
Докажите, что диагонали четырехугольника OHSI точкой пересечения делятся пополам.	quadrilateral OHSI
Как называется трапеция THYU, у которой все углы прямые?	trapezoid THYU
Какова сумма внутренних углов параллелограмма QRMO, один из углов которого равен 90°?	parallelogram QRMO
Как называется трапеция GQSD, у которой все стороны имеют одинаковую длину?	trapezoid GQSD
В четырехугольнике HJRD, если AB = CD и AD = BC, найти меру ∠A.	quadrilateral HJRD
Докажите, что диагонали параллелограмма UYIE являются взаимно перпендикулярными и серединными.	parallelogram UYIE
Определите, является ли треугольник PQD прямоугольным, если гипотенуза равна 20 см, а длина одного катета 15 см.	triangle PQD
В трапеции KWNF, если ∠A = 90°, найдите меру ∠B.	trapezoid KWNF
Докажите, что сумма внутренних углов квадрата TSKM равна 360°.	square TSKM
Каковы углы треугольника JIG, который также является прямоугольным?	triangle JIG
Найдите периметр четырехугольника MNJQ со сторонами длиной 20 см, 22 см, 24 см и 26 см.	quadrilateral MNJQ
В квадрате SLWI, если ∠A = 90°, найдите величины оставшихся трех углов.	square SLWI
В четырехугольнике MNEV, если AB = CD, как называется четырехугольник?	quadrilateral MNEV
Найдите длину диагонали четырехугольника PYFU со сторонами 4 см, 6 см и 8 см.	quadrilateral PYFU
В трапеции STVD, если ∠A = 85° и ∠B = 75°, найдите сумму оставшихся двух углов.	trapezoid STVD
Найдите длину стороны равностороннего треугольника ECB, периметр которого равен 48 см.	triangle ECB
Найдите величину ∠A в трапеции EWZC, если диагонали AC и BD пересекаются под углом 60°.	trapezoid EWZC
Найдите величину ∠A в квадрате LTOX, если диагонали AC и BD пересекаются под углом 90°.	square LTOX
Найдите недостающую величину угла в HYO равностороннего треугольника.	triangle HYO
Вычислите недостающую величину угла в треугольнике HFE, если два угла равны и каждый равен 40°.	triangle HFE
Найдите периметр квадрата IQTE со стороной 60 см.	square IQTE
В квадрате ISHT, если ∠A = 90°, найдите величину ∠B.	square ISHT
Докажите, что диагонали трапеции LOCF не обязательно являются взаимно перпендикулярными биссектрисами.	trapezoid LOCF
В трапеции VHUA, если AB = CD и AD = BC, как называется трапеция?	trapezoid VHUA
Докажите, что сумма внутренних углов трапеции XLCZ равна 360°.	trapezoid XLCZ
Найдите периметр квадрата WTKI со стороной 18 см.	square WTKI
Как называется четырёхугольник PERO, у которого все внутренние углы равны?	quadrilateral PERO
Найдите площадь параллелограмма JAER с вершинами в точках (0, 0), (4, 0), (4, 6) и (0, 6).	parallelogram JAER
Определите, является ли треугольник LXH равносторонним, если углы равны 60°, 60° и 60°.	triangle LXH
В трапеции KVRX, если AB = CD и AD = BC, как называется трапеция?	trapezoid KVRX
Докажите, что диагонали четырехугольника RUIK точкой пересечения делятся пополам тогда и только тогда, когда четырехугольник является параллелограммом.	quadrilateral RUIK
Найдите периметр трапеции GXMI, основания которой равны 16 см и 18 см, а высота 12 см.	trapezoid GXMI
В треугольнике QDS, если углы относятся как 1:2:3, найдите величину среднего угла.	triangle QDS
В параллелограмме WLYS, если AB = 18 см, BC = 21 см, CD = 18 см и DA = 21 см, найдите величину ∠A.	parallelogram WLYS
Если стороны треугольника TOB относятся как 3:4:5, найдите длину самой длинной стороны, если периметр равен 72 см.	triangle TOB
Какова площадь квадрата AXIY, длина стороны которого 35 см?	square AXIY
Докажите, что противоположные стороны трапеции QSWI не обязательно параллельны.	trapezoid QSWI
Как называется трапеция MEFI, у которой все углы прямые?	trapezoid MEFI
Найдите площадь трапеции AYLH, основания которой равны 18 см и 20 см, а высота 16 см.	trapezoid AYLH
Найдите длину диагонали параллелограмма FHKU, стороны которого равны 12 см и 15 см.	parallelogram FHKU
Найдите площадь квадрата FTDU с вершинами в точках (0, 0), (12, 0), (12, 12) и (0, 12).	square FTDU
Как называется четырехугольник VGYP, если AB = CD и AD = BC?	quadrilateral VGYP
В треугольнике CAO, если углы относятся как 2:3:4, найдите величину наименьшего угла.	triangle CAO
Как называется четырехугольник QJUX, у которого все стороны имеют одинаковую длину?	quadrilateral QJUX
Найдите величину ∠D в параллелограмме KOJR, если ∠A = 110°.	parallelogram KOJR
Как называется четырехугольник GOWB, если AB = CD и AD = BC?	quadrilateral GOWB
В треугольнике MHZ, если высота от вершины P до стороны QR равна 7 см, а площадь 49 см², найдите длину QR.	triangle MHZ
В параллелограмме UJGV, если ∠A = 75°, найдите величину ∠B.	parallelogram UJGV
Найдите периметр параллелограмма PFNC, стороны которого равны 18 см и 24 см.	parallelogram PFNC
В четырехугольнике NGTH, если ∠A = ∠C и ∠B = ∠D, как называется четырехугольник?	quadrilateral NGTH
Как называется квадрат HYEC, у которого все углы прямые?	square HYEC
Как называется четырехугольник FUDW, если AB = CD и AD ≠ BC?	quadrilateral FUDW
Докажите, что противолежащие углы параллелограмма ZFQX равны.	parallelogram ZFQX
Вычислите площадь треугольника RWI, зная, что его углы равны 40°, 60° и 80°.	triangle RWI
Определите площадь разностороннего треугольника MYV со сторонами длиной 5 см, 12 см и 13 см.	triangle MYV
Докажите, что диагонали квадрата XMDF пересекаются и делятся пополам под углом 90°.	square XMDF
Найдите площадь трапеции TJPW, основания которой равны 25 см и 28 см, а высота 20 см.	trapezoid TJPW
В квадрате KIDY, если AB = CD и AD = BC, как называется квадрат?	square KIDY
Докажите, что противолежащие углы параллелограмма FTCV являются дополнительными.	parallelogram FTCV
Найдите площадь квадрата EVUC со стороной 12 см.	square EVUC
Как называется четырехугольник MJEX с двумя парами параллельных сторон?	quadrilateral MJEX
В квадрате DSBC, если AB = CD и AD = BC, как называется квадрат?	square DSBC
Докажите, что диагонали трапеции BKUR пересекаются под углом 90°.	trapezoid BKUR
Определите, является ли треугольник JZW треугольником 30-60-90, если его стороны имеют длины 5, 12 и 13 единиц. Приведите доказательство или контрпример.	triangle JZW
Какова сумма внутренних углов параллелограмма IXGS?	parallelogram IXGS
Определите, является ли треугольник SND прямоугольным, если гипотенуза равна 15 см, а длина одного катета 8 см.	triangle SND
Определите, является ли треугольник JAP прямоугольным, если гипотенуза равна 14 см, а длина одного катета 12 см.	triangle JAP
Найдите периметр параллелограмма MHCF со сторонами 11 см и 13 см.	parallelogram MHCF
Как называется параллелограмм OTZY, если AB = CD и AD = BC?	parallelogram OTZY
Найдите длину диагонали квадрата OEDK со стороной 30 см.	square OEDK
Если периметр треугольника TXW равен 24 см, а стороны относятся как 2:3:4, найдите длину самой длинной стороны.	triangle TXW
Докажите, что сумма внутренних углов квадрата NHTJ равна 360°.	square NHTJ
Найдите площадь трапеции QIES, основания которой равны 15 см и 18 см, а высота 12 см.	trapezoid QIES
В трапеции QMAN, если AB = CD и AD = BC, как называется трапеция?	trapezoid QMAN
Найдите длину диагонали четырехугольника GFRY, стороны которого равны 5 см, 6 см и 8 см.	quadrilateral GFRY
Найдите длину диагонали параллелограмма VMHD, стороны которого равны 16 см и 20 см.	parallelogram VMHD
В четырехугольнике RTKN, если ∠A = 80° и ∠B = 70°, найдите сумму оставшихся двух углов.	quadrilateral RTKN
Найдите величину ∠C в четырехугольнике SEOW, если ∠A = 110°.	quadrilateral SEOW
Найдите периметр трапеции YZQP, основания которой равны 15 см и 20 см, а высота 12 см.	trapezoid YZQP
В параллелограмме XRJZ, если ∠A = 72°, найдите величину ∠B.	parallelogram XRJZ
Как называется параллелограмм ONDW, у которого все стороны имеют одинаковую длину и все внутренние углы имеют одинаковую величину?	parallelogram ONDW
Найдите длину медианы трапеции KVTD, основания которой равны 20 см и 22 см, а высота — 14 см.	trapezoid KVTD
В трапеции LGFN, если AB = CD и AD = BC, как называется трапеция?	trapezoid LGFN
В четырехугольнике FHVJ, если ∠A = ∠C и ∠B = ∠D, как называется четырехугольник?	quadrilateral FHVJ
Определите, является ли треугольник RGF треугольником 30-60-90, если его стороны имеют длину 5, 12 и 13 единиц	triangle RGF
Найдите периметр трапеции HQKZ, основания которой равны 20 см и 25 см, а высота — 16 см.	trapezoid HQKZ
Докажите, что противолежащие углы параллелограмма MWDK являются дополнительными.	parallelogram MWDK
Докажите, что диагонали квадрата IAMH являются взаимно перпендикулярными биссектрисами.	square IAMH
Чему равна сумма внутренних углов четырёхугольника PDKX?	quadrilateral PDKX
В квадрате XICR, если ∠A = 90°, найдите меру ∠D.	square XICR
В квадрате OAGK, если ∠A = 90°, найдите величины оставшихся трех углов.	square OAGK
Как называется параллелограмм LAWI, у которого все стороны имеют одинаковую длину?	parallelogram LAWI
Докажите, что сумма внутренних углов трапеции ZQBM равна 360°.	trapezoid ZQBM
Как называется четырехугольник THMQ с двумя парами параллельных сторон?	quadrilateral THMQ
Найдите периметр трапеции JMTD, основания которой равны 25 см и 28 см, а высота 20 см.	trapezoid JMTD
Найдите величину ∠C в трапеции QKHE, если ∠A = 110°.	trapezoid QKHE
Какова площадь квадрата JDKA со стороной 18 см?	square JDKA
Найдите площадь квадрата HTZV с вершинами в точках (0, 0), (30, 0), (30, 30) и (0, 30).	square HTZV
Как называется четырёхугольник XJYR, у которого все углы прямые и все стороны разной длины?	quadrilateral XJYR
Вычислите недостающую величину угла в треугольнике WUH, если углы относятся как 1:2:3.	triangle WUH
Найдите величину ∠B в трапеции HLQX, если ∠A = 70°.	trapezoid HLQX
В трапеции HBUA, если AB = CD и AD = BC, как называется трапеция?	trapezoid HBUA
Найдите периметр четырехугольника OJKU со сторонами 3 см, 5 см, 7 см и 9 см.	quadrilateral OJKU
Найдите площадь треугольника LCR, если его стороны равны 7 см, 8 см и 9 см.	triangle LCR
Как называется квадрат NVJR, у которого все углы прямые?	square NVJR
Найдите периметр трапеции WOQX, основания которой равны 20 см и 22 см, а высота — 14 см.	trapezoid WOQX
Докажите, что диагонали параллелограмма GVJY точкой пересечения делятся пополам.	parallelogram GVJY
Какова сумма внутренних углов параллелограмма INUS, один из углов которого равен 60°?	parallelogram INUS
Найдите величину ∠C в трапеции UWFM, если ∠A = 55°.	trapezoid UWFM
В квадрате WOGE, если AB = BC = CD = DA, найдите меру ∠C.	square WOGE
Найдите площадь четырехугольника QUTK с вершинами в точках (0, 0), (9, 0), (9, 15) и (0, 15).	quadrilateral QUTK
В треугольнике RVM, если углы относятся как 2:3:4, найдите величину наибольшего угла.	triangle RVM
Определите вершины треугольника IXJ с основанием длины 7 единиц и боковой стороной, равной половине длины основания	triangle IXJ
Найдите недостающий угол в прямоугольном треугольнике KAY, длина катета которого равна 7 см, а гипотенуза 25 см.	triangle KAY
Докажите, что сумма внутренних углов трапеции ILUC равна 360°.	trapezoid ILUC
Докажите, что диагонали трапеции EJZU не обязательно являются взаимно перпендикулярными биссектрисами.	trapezoid EJZU
Найдите величину ∠A в четырехугольнике SMCP, если диагонали AC и BD пересекаются под углом 45°.	quadrilateral SMCP
Докажите, что диагонали трапеции TOSE не обязательно являются взаимно перпендикулярными биссектрисами.	trapezoid TOSE
В параллелограмме TGOA, если ∠A = 75°, найдите величину ∠B.	parallelogram TGOA
Найдите длину диагонали трапеции VTKR, основания которой равны 20 см и 22 см, а высота — 14 см.	trapezoid VTKR
Найдите величину ∠B в трапеции JIRY, если ∠A = 90°.	trapezoid JIRY
Найдите площадь трапеции VDEJ, основания которой равны 12 см и 15 см, а высота 10 см.	trapezoid VDEJ
Найдите площадь трапеции OJVP с вершинами в точках (0, 0), (15, 0), (18, 20) и (0, 20).	trapezoid OJVP
Найдите величину ∠D в параллелограмме MPON, если ∠A = 60°.	parallelogram MPON
Вычислите длину высоты из вершины A в треугольнике WPM со сторонами длиной 3, 4 и 5 единиц и используйте ее, чтобы найти длину биссектрисы угла A	triangle WPM
Найдите длину медианы из вершины C в треугольнике INY со сторонами длиной 3, 4 и 5 единиц и докажите, что она является высотой треугольника тогда и только тогда, когда это равносторонний треугольник.	triangle INY
Найдите величину ∠C в параллелограмме KCHT, если диагонали AC и BD пересекаются под углом 45°.	parallelogram KCHT
Как называется четырехугольник HZEQ, у которого все стороны имеют одинаковую длину?	quadrilateral HZEQ
В квадрате SHXP, если AB = CD и AD = BC, как называется квадрат?	square SHXP
Найдите длину диагонали квадрата HRLQ со стороной 30 см.	square HRLQ
Найдите периметр параллелограмма UJRO, стороны которого равны 9 см и 11 см.	parallelogram UJRO
Найдите площадь параллелограмма LJWK, основание которого равно 12 см, а высота — 14 см.	parallelogram LJWK
Найдите величину ∠B в трапеции AUSO, если ∠A = 75°.	trapezoid AUSO
Найдите периметр четырехугольника CIZY со сторонами длиной 10 см, 12 см, 14 см и 16 см.	quadrilateral CIZY
Найдите площадь трапеции SNFJ, основания которой равны 18 см и 20 см, а высота 16 см.	trapezoid SNFJ
В квадрате MDAI, если AB = BC = CD = DA, найдите меру ∠A.	square MDAI
В четырехугольнике PQOT, если ∠A = 90° и ∠B = 60°, найти меру ∠C.	quadrilateral PQOT
Найдите площадь параллелограмма QYEC с вершинами в точках (0, 0), (6, 0), (6, 10) и (0, 10).	parallelogram QYEC
Найдите длину диагонали четырехугольника ZDEK, стороны которого равны 12 см, 14 см и 16 см.	quadrilateral ZDEK
В треугольнике PWF, если высота от вершины P до стороны QR равна 4 см, а площадь 16 см², найдите длину QR.	triangle PWF
Определите площадь треугольника TEW со сторонами длиной 3, 4 и 5 единиц, используя закон синусов.	triangle TEW
Найдите величину ∠A в параллелограмме YZSO, если диагонали AC и BD пересекаются под углом 30°.	parallelogram YZSO
Найдите периметр четырехугольника FDBZ со сторонами длиной 18 см, 20 см, 22 см и 24 см.	quadrilateral FDBZ
Как называется четырехугольник VDYU, если диагонали AC и BD пересекаются под углом 90°?	quadrilateral VDYU
Найдите величину ∠C в четырехугольнике COAT, если ∠A = 100°.	quadrilateral COAT
Докажите, что противоположные стороны трапеции ENBU не обязательно параллельны.	trapezoid ENBU
Докажите, что сумма внутренних углов четырехугольника LOUY всегда равна 360°.	quadrilateral LOUY
Найдите длину диагонали параллелограмма GWEC, стороны которого равны 8 см и 10 см.	parallelogram GWEC
Как называется квадрат DRCI, у которого все стороны одинаковой длины и все углы прямые?	square DRCI
Найдите величину ∠A в квадрате HUJM, если диагонали AC и BD пересекаются под углом 90°.	square HUJM
Найдите длину диагонали параллелограмма FNQJ, стороны которого равны 6 см и 8 см.	parallelogram FNQJ
В квадрате DFPE, если ∠A = 90°, найдите величину ∠B.	square DFPE
Докажите, что диагонали параллелограмма NPIY точкой пересечения образуют угол 90°.	parallelogram NPIY
В параллелограмме UNCY, если ∠A = 75°, найдите величину ∠B.	parallelogram UNCY
Найдите периметр трапеции RWGQ, основания которой равны 16 см и 18 см, а высота 12 см.	trapezoid RWGQ
Как называется параллелограмм PFMS, если AB = CD и AD = BC?	parallelogram PFMS
Найдите длину медианы из вершины C в треугольнике FKA со сторонами длиной 3, 4 и 5 единиц и докажите, что она является высотой треугольника тогда и только тогда, когда это равнобедренный треугольник	triangle FKA
Найдите периметр параллелограмма OTJG, стороны которого равны 9 см и 11 см.	parallelogram OTJG
Как называется четырехугольник PRCB, если ∠A = ∠C и ∠B = ∠D?	quadrilateral PRCB
В квадрате SQPM, если ∠A = 90°, найдите величину ∠B.	square SQPM
Найдите периметр трапеции DJRU, основания которой равны 10 см и 12 см, а высота 8 см.	trapezoid DJRU
Найдите периметр четырехугольника PKHF со сторонами длиной 20 см, 22 см, 24 см и 26 см.	quadrilateral PKHF
Определите, является ли треугольник TPJ прямоугольным, если гипотенуза равна 13 см, а длина одного катета 12 см.	triangle TPJ
Найдите длину диагонали квадрата VEXP со стороной 12 см.	square VEXP
В трапеции ZXMA, если AB = CD и AD = BC, как называется трапеция?	trapezoid ZXMA
Докажите, что противоположные стороны четырехугольника GVQS не обязательно параллельны.	quadrilateral GVQS
Докажите, что сумма внутренних углов трапеции HINR равна 360°.	trapezoid HINR
Найдите величину ∠C в четырехугольнике SLMI, если ∠A = 100°.	quadrilateral SLMI
Найдите длину диагонали четырехугольника GTOY со сторонами 4 см, 6 см и 8 см.	quadrilateral GTOY
В квадрате CIRU, если ∠A = 90°, найдите величины оставшихся трех углов.	square CIRU
Найдите площадь квадрата QXOE с вершинами в точках (0, 0), (40, 0), (40, 40) и (0, 40).	square QXOE
Найдите длину высоты из вершины C в треугольнике RKB со сторонами длиной 7, 8 и 9 единиц. Используйте эту информацию, чтобы найти высоту треугольника.	triangle RKB
Найдите длину стороны правильного треугольника WBE, периметр которого равен 24 см.	triangle WBE
Найдите периметр трапеции YVNI, основания которой равны 12 см и 15 см, а высота 10 см.	trapezoid YVNI
Определите площадь треугольника NXA со сторонами длиной 3, 4 и 5 единиц, используя закон косинусов и тот факт, что это равнобедренный треугольник	triangle NXA
Найдите величину ∠C в трапеции PATN, если ∠A = 110°.	trapezoid PATN
Найдите периметр четырехугольника ESIJ со сторонами 5 см, 6 см, 7 см и 8 см.	quadrilateral ESIJ
Докажите, что диагонали параллелограмма GSIE точкой пересечения делятся пополам.	parallelogram GSIE
Докажите, что диагонали квадрата ZIHL пересекаются и делятся пополам под углом 90°.	square ZIHL
Какова площадь трапеции TZLX, основания которой равны 25 см и 28 см, а высота 20 см?	trapezoid TZLX
Какова площадь параллелограмма DVKO, основание которого равно 14 см, а высота — 12 см?	parallelogram DVKO
Найдите величину ∠A в четырехугольнике QGFH, если диагонали AC и BD пересекаются под углом 45°.	quadrilateral QGFH
Найдите площадь квадрата ARXK со стороной 42 см.	square ARXK
В квадрате VFRN, если ∠A = 90°, найдите величины оставшихся трех углов.	square VFRN
Найдите величину ∠B в четырехугольнике NRXO, если ∠A = 70°.	quadrilateral NRXO
Докажите, что сумма внутренних углов четырехугольника QEDA всегда равна 360°.	quadrilateral QEDA
Определите площадь треугольника LYS со сторонами длиной 7, 8 и 9 единиц, используя правило синуса	triangle LYS
В четырехугольнике GUVX, если ∠A = 90° и ∠B = 45°, найдите величину ∠C.	quadrilateral GUVX
Найдите периметр четырехугольника CLIY со сторонами 5 см, 6 см, 7 см и 9 см.	quadrilateral CLIY
Найдите величину ∠C в трапеции LBVT, если ∠A = 60°.	trapezoid LBVT
Вычислите координаты центра и радиус вписанной окружности для треугольника TFW с вершинами (1, 2), (3, 4) и (5, 6)	triangle TFW
Вычислите длину высоты от вершины B в треугольнике XNI со сторонами длиной 5, 6 и 7 единиц и используйте ее для нахождения высоты треугольника	triangle XNI
Вычислите углы треугольника FBT, если два угла равны и каждый равен 60°.	triangle FBT
Найдите величину ∠B в четырехугольнике UVDK, если ∠A = 70°.	quadrilateral UVDK
Докажите, что диагонали квадрата FEJG пересекаются и делятся пополам под углом 90°.	square FEJG
Найдите площадь параллелограмма DOAW, основание которого равно 11 см, а высота — 10 см.	parallelogram DOAW
Найдите длину диагонали квадрата RSXM со стороной 55 см.	square RSXM
Найдите площадь параллелограмма PLBJ, основание которого равно 15 см, а высота — 12 см.	parallelogram PLBJ
Найдите площадь четырехугольника TVKQ, основание которого равно 12 см, а высота — 10 см.	quadrilateral TVKQ
Вычислите периметр треугольника IFN, если углы равны 60°, 70° и 50°.	triangle IFN
Как называется параллелограмм MLDZ, у которого все стороны равны и все углы прямые?	parallelogram MLDZ
Найдите периметр квадрата XJRB со стороной 32 см.	square XJRB
Докажите, что диагонали четырехугольника LVIY делят друг друга пополам тогда и только тогда, когда этот четырехугольник является параллелограммом.	quadrilateral LVIY
Найдите длину QR треугольника GAT, если высота от вершины P до стороны QR равна 6 см, а площадь 36 см².	triangle GAT
Найдите площадь треугольника ARB с периметром 24 см и медианой 12 см.	triangle ARB
В треугольнике FKN, если высота от вершины P до стороны QR равна 8 см, а площадь 24 см², найдите длину QR.	triangle FKN
В параллелограмме YGJO, если ∠A = 70°, найдите величину ∠B.	parallelogram YGJO
Докажите, что диагонали четырехугольника SLPR точкой пересечения делятся пополам под углом 90°.	quadrilateral SLPR
Докажите, что диагонали четырехугольника CPZO точкой пересечения делятся пополам тогда и только тогда, когда четырехугольник является параллелограммом.	quadrilateral CPZO
В трапеции HKZT, если ∠A = 80° и ∠B = 70°, найдите сумму оставшихся двух углов.	trapezoid HKZT
Найдите площадь квадрата DQNV со стороной 50 см.	square DQNV
В четырехугольнике GUZB, если ∠A = 80° и ∠B = 100°, найдите сумму оставшихся двух углов.	quadrilateral GUZB
Определите, является ли треугольник CPA равнобедренным, если оба угла при основании равны 35°.	triangle CPA
Найдите длину медианы из вершины C в треугольнике LAS со сторонами длиной 4, 5 и 7 единиц. Докажите, что эта медиана делит пополам угол между сторонами LM и MN.	triangle LAS
Найдите площадь треугольника MGY, если его стороны равны 3 см, 4 см и 5 см.	triangle MGY
Найдите длину медианы из вершины B в треугольнике KSG со сторонами длиной 5, 6 и 7 единиц и докажите, что она делит пополам угол между сторонами DE и DF	triangle KSG
Найдите площадь трапеции SEIM с вершинами в точках (0, 0), (10, 0), (12, 15) и (0, 15)	trapezoid SEIM
Найдите длину медианы из вершины A в треугольнике WNM с сторонами длины 7, 8 и 9 единиц и докажите, что это самая короткая сторона треугольника	triangle WNM
Найдите площадь параллелограмма JEAG, основание которого равно 20 см, а высота — 18 см.	parallelogram JEAG
В квадрате BPAW, если ∠A = 90°, найдите меру ∠D.	square BPAW
В параллелограмме ZIPF, если ∠A = 90°, найдите величину ∠B.	parallelogram ZIPF
Определите самую длинную сторону треугольника ASB, учитывая, что его углы относятся как 4:5:6.	triangle ASB
Докажите, что сумма внутренних углов квадрата DWZF равна 360°.	square DWZF
В трапеции WRKE, если ∠A = 80° и ∠B = 70°, найдите сумму оставшихся двух углов.	trapezoid WRKE
Найдите периметр квадрата UYVJ со стороной 15 см.	square UYVJ
Докажите, что длины противоположных сторон параллелограмма SEJV равны.	parallelogram SEJV
Докажите, что диагонали четырехугольника IFTB не обязательно являются взаимно перпендикулярными биссектрисами.	quadrilateral IFTB
В трапеции GOLF, если AB = CD и AD = BC, как называется трапеция?	trapezoid GOLF
Определите, является ли треугольник YMF равнобедренным, если его стороны имеют длины 5, 19 и 12 единиц	triangle YMF
Найдите длину медианы из вершины C в треугольнике KAI со сторонами длиной 5, 6 и 7 единиц и докажите, что она делит пополам угол между сторонамиEF и DF тогда и только тогда, когда треугольник является прямоугольным	triangle KAI
Докажите, что диагонали квадрата UGDS пересекаются и делятся пополам под углом 90°.	square UGDS
Определите площадь треугольника ZTJ со сторонами длиной 3, 4 и 5 единиц, используя закон синусов	triangle ZTJ
Какова площадь трапеции LCPZ, основания которой равны 22 см и 25 см, а высота 18 см?	trapezoid LCPZ
Найдите величину ∠A в четырехугольнике UDIS, если диагонали AC и BD пересекаются под углом 60°.	quadrilateral UDIS
Вычислите периметр треугольника SBN, если углы равны 45°, 50° и 85°.	triangle SBN
Найдите величину ∠A в четырехугольнике ETVN, если диагонали AC и BD пересекаются под углом 60°.	quadrilateral ETVN
Докажите, что диагонали квадрата QDVY являются взаимно перпендикулярными биссектрисами.	square QDVY
Найдите длину диагонали четырехугольника RNZS, стороны которого равны 5 см, 6 см и 8 см.	quadrilateral RNZS
В квадрате PZMX, если ∠A = 90°, найдите величину ∠B.	square PZMX
Найдите периметр параллелограмма DOHS, стороны которого равны 18 см и 24 см.	parallelogram DOHS
Докажите, что диагонали квадрата ESBX пересекаются и делятся пополам под углом 90°.	square ESBX
Как называется трапеция VANY, у которой все углы прямые?	trapezoid VANY
Докажите, что диагонали квадрата BDOY являются взаимно перпендикулярными биссектрисами.	square BDOY
Какова площадь квадрата TYSR, длина стороны которого 35 см?	square TYSR
В квадрате GELV, если AB = CD и AD = BC, как называется квадрат?	square GELV
Найдите длину высоты из вершины B в треугольнике MXF со сторонами длиной 10, 11 и 12 единиц	triangle MXF
Каков периметр трапеции FGET, основания которой имеют длины 20 см и 25 см, а высота 18 см?	trapezoid FGET
Определите, лежит ли точка P(x, y) внутри, снаружи или на границе треугольника PNA с вершинами (2, 3), (5, 6) и (8, 1).	triangle PNA
Докажите, что диагонали квадрата JXDB являются взаимно перпендикулярными биссектрисами.	square JXDB
Найдите площадь трапеции VIBG, основания которой равны 22 см и 25 см, а высота 18 см.	trapezoid VIBG
Как называется трапеция AWOB с двумя парами равных сторон?	trapezoid AWOB
Как называется параллелограмм ABCO, у которого все стороны равны и все углы прямые?	parallelogram ABCO
Определите, лежит ли точка P(x, y) внутри треугольника INB с вершинами в (2, 3), (5, 6) и (8, 1)	triangle INB
Докажите, что диагонали квадрата NRLH пересекаются и делятся пополам под углом 90°.	square NRLH
Найдите величину ∠A в параллелограмме WVDC, если диагонали AC и BD пересекаются под углом 60°.	parallelogram WVDC
Найдите величину ∠A в трапеции CZXK, если AB = 18 см, BC = 20 см, CD = 18 см и DA = 20 см.	trapezoid CZXK
Найдите периметр треугольника ECG, если его стороны равны х см, х+3 см и 2х-1 см.	triangle ECG
Найдите длину медианы из вершины C в треугольнике LQY с сторонами длины 3, 4 и 5 единиц и докажите, что он делит треугольник на две равные области	triangle LQY
Как называется четырехугольник XNMR, у которого все стороны одинаковой длины и все углы прямые?	quadrilateral XNMR
Вычислите площадь треугольника UHN, зная, что его стороны равны 9 см, 12 см и 15 см.	triangle UHN
Найдите длину стороны равностороннего треугольника ZNB, периметр которого равен 30 см.	triangle ZNB
Вычислите длину высоты из вершины A в треугольнике RAY со сторонами длиной 3, 4 и 5 единиц и используйте ее, чтобы найти длину биссектрисы стороны XY	triangle RAY
В параллелограмме UXNH, если ∠A = 30°, найдите величину ∠B.	parallelogram UXNH
Найдите величину ∠C в четырехугольнике CTZR, если ∠A = 55°.	quadrilateral CTZR
Найдите величину ∠C в трапеции YVUP, если ∠A = 60°.	trapezoid YVUP
Докажите, что противолежащие углы параллелограмма VLWH являются дополнительными.	parallelogram VLWH
Докажите, что сумма внутренних углов четырехугольника QWYP равна 360°.	quadrilateral QWYP
Докажите, что диагонали параллелограмма ZRAE являются взаимно перпендикулярными и серединными.	parallelogram ZRAE
Какова площадь квадрата TCIQ, длина стороны которого 65 см?	square TCIQ
Найдите величину ∠A в параллелограмме LYFS, если AB = 15 см, BC = 18 см, CD = 15 см и DA = 18 см.	parallelogram LYFS
Как называется четырехугольник OBJG с двумя парами равных сторон?	quadrilateral OBJG
Найдите величину ∠A в параллелограмме CLKJ, если диагонали AC и BD пересекаются под углом 60°.	parallelogram CLKJ
Вычислите периметр треугольника KRV, если углы равны 40°, 50° и 90°.	triangle KRV
Как называется параллелограмм JHGU, если AB = CD и AD = BC?	parallelogram JHGU
Докажите, что диагонали параллелограмма JDTE равны.	parallelogram JDTE
В трапеции MFOB, если AB = CD и AD = BC, как называется трапеция?	trapezoid MFOB
Найдите периметр квадрата GOTQ со стороной 70 см.	square GOTQ
Докажите, что сумма внутренних углов трапеции HWAT равна 360°.	trapezoid HWAT
Как называется четырехугольник FMAQ, у которого все внутренние углы равны?	quadrilateral FMAQ
Найдите периметр параллелограмма JTCP, стороны которого равны 14 см и 17 см.	parallelogram JTCP
Докажите, что сумма внутренних углов четырехугольника LUQP равна 360°.	quadrilateral LUQP
Найдите площадь четырехугольника KOVB, основание которого равно 12 см, высота — 9 см, а один из углов равен 45°.	quadrilateral KOVB
Вычислите углы треугольника KJX, если два угла равны и каждый равен 50°.	triangle KJX
Учитывая три точки A(-2, 3), B(1, 4) и C(5, -1), определите, образуют ли они правильный треугольник VWP. Если да, то классифицируйте треугольник как остроугольный, прямоугольный или тупоугольный в зависимости от его углов.	triangle VWP
Определите площадь треугольника HJY со сторонами длиной 5, 6 и 7 единиц по формуле Шолеса	triangle HJY
Найдите длину диагонали квадрата WULM со стороной 55 см.	square WULM
Найдите величину ∠A в четырехугольнике TVQW, если AB = 18 см, BC = 20 см, CD = 18 см и DA = 20 см.	quadrilateral TVQW
Как называется параллелограмм WAFH, если AB = CD и AD = BC?	parallelogram WAFH
Вычислите высоту равностороннего треугольника TJM с длиной стороны 8 единиц	triangle TJM
Найдите длину диагонали параллелограмма GADX, стороны которого равны 16 см и 20 см.	parallelogram GADX
Найдите величину ∠B в четырехугольнике YCBF, если ∠A = 75°.	quadrilateral YCBF
Найдите периметр параллелограмма TFJQ, стороны которого равны 5 см и 7 см.	parallelogram TFJQ
Найдите длину диагонали квадрата MAVE со стороной 18 см.	square MAVE
Найдите величину ∠C в четырехугольнике LDOK, если ∠A = 90°.	quadrilateral LDOK
Как называется трапеция CXZF, у которой все углы прямые?	trapezoid CXZF
Докажите, что противоположные стороны трапеции JOKN не обязательно параллельны.	trapezoid JOKN
Найдите величину ∠C в трапеции WIMT, если ∠A = 110°.	trapezoid WIMT
Найдите площадь параллелограмма ZDMO, основание которого равно 20 см, а высота — 18 см.	parallelogram ZDMO
Найдите величину ∠A в параллелограмме CLBI, если AB = 10 см, BC = 12 см, CD = 10 см и DA = 12 см.	parallelogram CLBI
В квадрате VSGO, если AB = BC = CD = DA, найдите меру ∠C.	square VSGO
Как называется квадрат HMPD, у которого все углы прямые?	square HMPD
Докажите, что сумма внутренних углов четырехугольника CVEF равна 360°.	quadrilateral CVEF
Найдите периметр параллелограмма ZJPD со сторонами 11 см и 13 см.	parallelogram ZJPD
В параллелограмме EMAY, если AB = 18 см, BC = 21 см, CD = 18 см и DA = 21 см, найдите величину ∠A.	parallelogram EMAY
В треугольнике ERM, если высота от вершины P до стороны QR равна 2 см, а площадь 12 см², найдите длину QR.	triangle ERM
В квадрате ERWG, если ∠A = 90°, найдите величину ∠B.	square ERWG
Найдите длину медианы из вершины B в треугольнике AVZ со сторонами длиной 3, 4 и 5 единиц. Докажите, что эта медиана делит пополам угол между сторонами SU и ST.	triangle AVZ
Найдите величину ∠A в трапеции HRVM, если диагонали AC и BD пересекаются под углом 60°.	trapezoid HRVM
В треугольнике KNU, если высота от вершины P до стороны QR равна 5 см, а площадь 20 см², найдите длину QR.	triangle KNU
Найдите площадь четырехугольника IHXC с вершинами (0, 0), (2, 0), (2, 4) и (0, 4).	quadrilateral IHXC
В параллелограмме UPNS, если ∠A = 90°, найдите величину ∠B.	parallelogram UPNS
Найдите величину ∠A в параллелограмме FRGB, если диагонали AC и BD пересекаются под углом 30°.	parallelogram FRGB
Найдите длину высоты из вершины C в треугольнике WHM со сторонами длиной 7, 8 и 9 единиц	triangle WHM
Найдите площадь треугольника SKC, если его стороны равны 5 см, 12 см и 13 см.	triangle SKC
В трапеции XTNK, если AB = CD и AD = BC, как называется трапеция?	trapezoid XTNK
Найдите величину ∠B в трапеции GVSP, если ∠A = 75°.	trapezoid GVSP
Как называется параллелограмм AHTZ, если AB = CD и AD = BC?	parallelogram AHTZ
Найдите площадь квадрата RSWJ со стороной 25 см.	square RSWJ
Докажите, что диагонали параллелограмма IXDP являются взаимно перпендикулярными и серединными.	parallelogram IXDP
Как называется квадрат KLTC, у которого все стороны одинаковой длины и все углы прямые?	square KLTC
Найдите периметр треугольника AFB, если углы равны 70°, 80° и 30°.	triangle AFB
Найдите длину медианы из вершины C в треугольнике YVF со сторонами длиной 7, 8 и 9 единиц и вычислите ее наклон	triangle YVF
Найдите периметр четырехугольника IUBE со сторонами 5 см, 6 см, 7 см и 8 см.	quadrilateral IUBE
В трапеции ZFRD, если ∠A = 80° и ∠B = 70°, найдите сумму оставшихся двух углов.	trapezoid ZFRD
В квадрате BICE, если ∠A = 90°, найдите меру ∠D.	square BICE
Как называется параллелограмм RIVY, у которого все углы прямые?	parallelogram RIVY
В четырёхугольнике UOHP, если ∠A + ∠C = 180°, как называется четырёхугольник?	quadrilateral UOHP
Найдите площадь параллелограмма LTYJ с вершинами в точках (0, 0), (6, 0), (6, 10) и (0, 10).	parallelogram LTYJ
Какова площадь параллелограмма TYLJ, основание которого равно 10 см, а высота — 8 см?	parallelogram TYLJ
Найдите периметр квадрата FSHW со стороной 32 см.	square FSHW
Докажите, что сумма внутренних углов четырехугольника MBCD всегда равна сумме внутренних углов двух треугольников.	quadrilateral MBCD
Как называется четырехугольник MRFN с двумя парами равных сторон?	quadrilateral MRFN
Определите меру недостающего угла в прямоугольном треугольнике WDR, длина катета которого равна 9 см, а гипотенуза - 20 см.	triangle WDR
Определите, является ли треугольник GQR косоугольным, если его стороны имеют длины 5, 6 и 7 единиц	triangle GQR
Найдите величину ∠C в четырехугольнике TCFN, если ∠A = 110°.	quadrilateral TCFN
Как называется параллелограмм JVPA, у которого все стороны равны и все углы прямые?	parallelogram JVPA
Найдите площадь четырехугольника NWME, основание которого равно 15 см, а высота — 12 см.	quadrilateral NWME
Определите тип треугольника RSP, образованного точками A(-2, 3), B(1, 4) и C(5, -1) по их координатам	triangle RSP
В квадрате GKHU, если ∠A = 90°, найдите величину ∠B.	square GKHU
Определите, лежит ли точка K(x, y) на описанной окружности треугольника CJZ со сторонами длиной 5, 6 и 7 единиц.	triangle CJZ
Найдите периметр параллелограмма MKNX, стороны которого равны 5 см и 7 см.	parallelogram MKNX
Найдите площадь параллелограмма DSMA с вершинами в точках (0, 0), (4, 0), (4, 6) и (0, 6).	parallelogram DSMA
Найдите длину диагонали параллелограмма VMYF, стороны которого равны 10 см и 12 см.	parallelogram VMYF
Найдите площадь четырехугольника MBVL, основание которого равно 20 см, а высота — 18 см.	quadrilateral MBVL
Найдите площадь четырехугольника GENM с вершинами в точках (1, 1), (4, 1), (4, 5) и (1, 5).	quadrilateral GENM
Найдите величину ∠D в четырехугольнике SGRX, если ∠A = 50°.	quadrilateral SGRX
Найдите периметр квадрата OGUW со стороной 60 см.	square OGUW
Вычислите недостающую величину угла в треугольнике FVI, если углы относятся как 2:3:4.	triangle FVI
Определите, является ли треугольник AVL равнобедренным, если оба угла при основании равны 40°.	triangle AVL
Найдите уравнения высот треугольника EIO с вершинами (1, 2), (3, 4) и (5, 6)	triangle EIO
В квадрате BVMP, если AB = BC = CD = DA, найдите меру ∠A.	square BVMP
